Date,Close,Open,High,Low,Volume,,,,,,,,,,,,
1/2/20,68.37,67.08,68.41,67.08,1406731,,,,,,,,,,,,
1/3/20,68.03,67.39,68.63,67.28,1179289,,,,,,,,,,,,
1/6/20,69.71,67.5,69.83,67.5,1733149,,,,,,,,,,,,
1/7/20,69.67,69.9,70.15,69.52,1511693,,,,,,,,,,,,
1/8/20,70.22,69.6,70.58,69.54,1529177,,,,,,,,,,,,
1/9/20,70.99,71.03,71.37,70.51,1502664,,,,,,,,,,,,
1/10/20,71.49,71.38,71.75,70.92,1817204,,,,,,,,,,,,
1/13/20,71.96,71.81,72.03,71.3,1653482,,,,,,,,,,,,
1/14/20,71.54,71.95,72.09,71.42,1560453,,,,,,,,,,,,
1/15/20,71.96,71.51,72.07,71.51,1282685,,,,,,,,,,,,
1/16/20,72.59,72.37,72.6,72.05,1173688,,,,,,,,,,,,
1/17/20,74.02,73.15,74.06,72.91,2193339,,,,,,,,,,,,
1/21/20,74.22,73.96,74.59,73.56,2008830,,,,,,,,,,,,
1/22/20,74.3,74.55,75.16,74.25,1610846,,,,,,,,,,,,
1/23/20,74.33,74.38,74.78,74.11,1351354,,,,,,,,,,,,
1/24/20,73.34,74.68,74.77,73.26,1777039,,,,,,,,,,,,
1/27/20,71.7,71.55,71.9,71.06,1706018,,,,,,,,,,,,
1/28/20,72.63,72.15,72.8,71.62,1514030,,,,,,,,,,,,
1/29/20,72.93,72.94,73.27,72.34,1062632,,,,,,,,,,,,
1/30/20,72.79,72,72.86,71.82,1296020,,,,,,,,,,,,
1/31/20,71.71,73.45,73.51,71.43,2403588,,,,,,,,,,,,
2/3/20,74.3,73.1,74.5,72.95,3055216,,,,,,,,,,,,
2/4/20,72.35,72.85,73.48,71.32,3932954,,,,,,,,,,,,
2/5/20,72.41,73.12,73.19,71.53,1986157,,,,,,,,,,,,
2/6/20,73.81,72.52,74.1,72.48,1679384,,,,,,,,,,,,
2/7/20,73.96,73.37,74.29,73.32,1169773,,,,,,,,,,,,
2/10/20,75.43,73.72,75.48,73.72,1419876,,,,,,,,,,,,
2/11/20,75.44,75.59,76.48,75.28,1344633,,,,,,,,,,,,
2/12/20,75.91,75.72,76.03,75.41,1167565,,,,,,,,,,,,
2/13/20,75.73,75.63,76.36,75.23,929730,,,,,,,,,,,,
2/14/20,76.04,75.78,76.04,75.37,1161350,,,,,,,,,,,,
2/18/20,75.98,75.75,76.58,75.63,1121140,,,,,,,,,,,,
2/19/20,76.33,76.25,76.61,76.07,949268,,,,,,,,,,,,
2/20/20,75.91,76.1,76.48,75.34,1096552,,,,,,,,,,,,
2/21/20,74.26,75.4,75.61,74.02,1723492,,,,,,,,,,,,
2/24/20,71.08,71.31,71.85,70.57,2867053,,,,,,,,,,,,
2/25/20,69.42,71.65,71.91,69.12,2478278,,,,,,,,,,,,
2/26/20,69.66,69.81,70.79,68.95,2204037,,,,,,,,,,,,
2/27/20,65.9,68.1,68.59,65.86,2978300,,,,,,,,,,,,
2/28/20,66.97,63.88,67.06,63.55,3682983,,,,,,,,,,,,
3/2/20,69.46,67.58,69.54,66.34,2431468,,,,,,,,,,,,
3/3/20,67.07,69.97,70.51,66.6,2402326,,,,,,,,,,,,
3/4/20,69.33,67.96,69.4,67.16,1913315,,,,,,,,,,,,
3/5/20,65.95,67.51,67.95,65.26,2561288,,,,,,,,,,,,
3/6/20,64.92,63.85,65.31,63.05,2656530,,,,,,,,,,,,
3/9/20,60.78,60.27,62.74,60,3365365,,,,,,,,,,,,
3/10/20,64.02,63,64.06,60.94,2611373,,,,,,,,,,,,
3/11/20,60.77,62.49,63.05,59.8,2611229,,,,,,,,,,,,
3/12/20,55.75,56.3,59.69,55.67,4226748,,,,,,,,,,,,
3/13/20,60.99,58.95,60.99,55.86,3630345,,,,,,,,,,,,
3/16/20,54.22,54.8,57.61,53.72,4252365,,,,,,,,,,,,
3/17/20,55.99,54.66,56.54,52.8,3861489,,,,,,,,,,,,
3/18/20,54.84,52.83,55.33,51.86,4233435,,,,,,,,,,,,
3/19/20,55.76,54.65,57.9,53.01,3651106,,,,,,,,,,,,
3/20/20,53.62,56.79,57.2,53.27,3593352,,,,,,,,,,,,
3/23/20,52.83,53.07,53.57,50.68,4044137,,,,,,,,,,,,
3/24/20,56.72,55.19,56.75,54.53,3344450,,,,,,,,,,,,
3/25/20,55.12,56.32,57.45,54.3,4081528,,,,,,,,,,,,
3/26/20,58.09,55.59,58.5,54.68,3573755,,,,,,,,,,,,
3/27/20,55.54,56.28,57.53,55.3,3208495,,,,,,,,,,,,
3/30/20,57.34,56.25,57.58,54.82,2524800,,,,,,,,,,,,
3/31/20,58.14,57.37,58.77,56.91,2487983,,,,,,,,,,,,
4/1/20,55.28,56.1,56.48,54.87,2344173,,,,,,,,,,,,
4/2/20,56.04,54.91,56.34,54.82,1964881,,,,,,,,,,,,
4/3/20,54.89,55.95,56.18,53.99,2293802,,,,,,,,,,,,
4/6/20,59.35,56.9,59.73,56.55,2664723,,,,,,,,,,,,
4/7/20,59.33,61.05,61.25,59.11,2387329,,,,,,,,,,,,
4/8/20,60.51,60.33,60.95,59.41,1970732,,,,,,,,,,,,
4/9/20,60.57,61.2,61.28,59.84,2175421,,,,,,,,,,,,
4/13/20,60.88,60.46,61.03,59.38,1739828,,,,,,,,,,,,
4/14/20,63.46,62.25,64.1,61.85,2470353,,,,,,,,,,,,
4/15/20,63.12,62.28,64.02,62.02,1671703,,,,,,,,,,,,
4/16/20,63.17,63.71,63.95,62.13,2491497,,,,,,,,,,,,
4/17/20,64.16,64.24,64.72,63.56,1943656,,,,,,,,,,,,
4/20/20,63.33,63.55,64.08,63.07,1612376,,,,,,,,,,,,
4/21/20,60.82,62.35,62.71,60.49,2130516,,,,,,,,,,,,
4/22/20,63.16,62.28,64.28,62.1,2093140,,,,,,,,,,,,
4/23/20,63.82,63.58,64.67,63.28,1526152,,,,,,,,,,,,
4/24/20,63.97,63.06,64.02,62.47,1634382,,,,,,,,,,,,
4/27/20,63.79,64.8,64.81,63.45,1600563,,,,,,,,,,,,
4/28/20,61.68,64.4,64.4,61.61,2951309,,,,,,,,,,,,
4/29/20,67.07,67.07,68,66.27,3793630,,,,,,,,,,,,
4/30/20,67.43,66.24,67.64,66.12,2668906,,,,,,,,,,,,
5/1/20,66.03,66.43,67.6,65.55,2072639,,,,,,,,,,,,
5/4/20,66.34,65.41,66.38,64.95,1504017,,,,,,,,,,,,
5/5/20,67.56,66.9,68.7,66.87,1651533,,,,,,,,,,,,
5/6/20,67.37,68.08,68.56,67.36,1204444,,,,,,,,,,,,
5/7/20,68.63,68.3,68.88,67.76,1399759,,,,,,,,,,,,
5/8/20,69.42,69.16,69.94,68.77,1386198,,,,,,,,,,,,
5/11/20,70.16,68.91,70.83,68.86,1412116,,,,,,,,,,,,
5/12/20,68.79,70.36,70.75,68.74,1390600,,,,,,,,,,,,
5/13/20,67.47,68.85,69.27,66.42,1812585,,,,,,,,,,,,
5/14/20,67.81,66.75,67.87,66.2,1599053,,,,,,,,,,,,
5/15/20,68.66,67.5,68.72,66.95,1672769,,,,,,,,,,,,
5/18/20,69.2,68.09,69.62,67.71,1820589,,,,,,,,,,,,
5/19/20,68.67,69.35,69.6,68.67,1280649,,,,,,,,,,,,
5/20/20,70.34,69.48,70.52,69.36,1655375,,,,,,,,,,,,
5/21/20,70.14,70.4,70.77,69.67,1385194,,,,,,,,,,,,
5/22/20,70.52,69.84,70.64,69.59,1294475,,,,,,,,,,,,
5/26/20,70.85,71.86,72.05,70.61,2060643,,,,,,,,,,,,
5/27/20,70.89,70.86,71.09,69.56,1656901,,,,,,,,,,,,
5/28/20,70.84,69.84,72.04,69.8,1687480,,,,,,,,,,,,
5/29/20,71.45,70.85,71.63,70.67,1818880,,,,,,,,,,,,
6/1/20,71.59,70.92,71.9,70.9,1217140,,,,,,,,,,,,
6/2/20,71.96,71.53,71.98,70.94,1278128,,,,,,,,,,,,
6/3/20,71.82,71.92,72.33,71.49,1254483,,,,,,,,,,,,
6/4/20,70.61,71.52,71.95,70.24,1484272,,,,,,,,,,,,
6/5/20,71.92,70.66,72.25,70.3,1733928,,,,,,,,,,,,
6/8/20,72.33,71.12,72.4,71.12,1401828,,,,,,,,,,,,
6/9/20,72.81,72.27,73.4,72.16,1406234,,,,,,,,,,,,
6/10/20,73.29,72.98,73.71,72.81,1521378,,,,,,,,,,,,
6/11/20,70.19,72.12,72.72,70.1,1983786,,,,,,,,,,,,
6/12/20,70.66,71.42,71.85,69.3,1916815,,,,,,,,,,,,
6/15/20,70.99,69.54,71.24,69.4,1502903,,,,,,,,,,,,
6/16/20,72.14,72.26,72.75,71.3,1707763,,,,,,,,,,,,
6/17/20,72.56,72.36,73,71.57,1545365,,,,,,,,,,,,
6/18/20,71.8,72.46,72.57,71.35,1581916,,,,,,,,,,,,
6/19/20,71.59,72.2,72.39,71.07,3151176,,,,,,,,,,,,
6/22/20,72.59,71.45,72.64,71.16,1538596,,,,,,,,,,,,
6/23/20,73.22,72.78,73.8,72.26,1429764,,,,,,,,,,,,
6/24/20,71.6,73.08,73.77,71.49,1756022,,,,,,,,,,,,
6/25/20,72.07,71.5,72.15,71,1220411,,,,,,,,,,,,
6/26/20,68,71.57,71.67,67.6,4081026,,,,,,,,,,,,
6/29/20,69.75,67.91,69.78,67.35,1810180,,,,,,,,,,,,
6/30/20,70.68,69.52,70.93,69.2,2035518,,,,,,,,,,,,
7/1/20,71.9,70.56,72.15,70.49,1775167,,,,,,,,,,,,
7/2/20,73.24,72.35,74.15,72.32,1859480,,,,,,,,,,,,
7/6/20,74.79,74,75.33,73.64,1560638,,,,,,,,,,,,
7/7/20,74.26,74.5,75.84,74.18,1450930,,,,,,,,,,,,
7/8/20,74.8,74.72,75.29,74.28,1249658,,,,,,,,,,,,
7/9/20,75.55,75.32,76.14,74.4,1423322,,,,,,,,,,,,
7/10/20,77.09,75.31,77.19,74.83,1853991,,,,,,,,,,,,
7/13/20,75.57,77.5,78.86,75.26,1842866,,,,,,,,,,,,
7/14/20,76.03,74.52,76.15,74.18,1585016,,,,,,,,,,,,
7/15/20,75.68,76.16,76.77,74.9,1610684,,,,,,,,,,,,
7/16/20,75.9,75,75.93,74.32,1519345,,,,,,,,,,,,
7/17/20,75.78,76.08,76.17,74.92,1447475,,,,,,,,,,,,
7/20/20,78.29,75.76,78.51,75.18,1553370,,,,,,,,,,,,
7/21/20,77.92,79.35,79.35,77.71,1214553,,,,,,,,,,,,
7/22/20,78.42,78.03,78.5,77.31,921909,,,,,,,,,,,,
7/23/20,75.78,78.35,78.59,75.37,1627634,,,,,,,,,,,,
7/24/20,75.59,74.95,75.88,74.42,1536314,,,,,,,,,,,,
7/27/20,76.51,75.78,77.05,75.76,1245980,,,,,,,,,,,,
7/28/20,75.02,76.26,76.32,74.88,1702174,,,,,,,,,,,,
7/29/20,76.1,75.32,76.56,75.07,1101602,,,,,,,,,,,,
7/30/20,76.57,74.85,76.89,74.61,1562685,,,,,,,,,,,,
7/31/20,74.15,75.25,75.45,72.7,3411769,,,,,,,,,,,,
8/3/20,73.72,74.33,74.52,73.28,2331514,,,,,,,,,,,,
8/4/20,73.25,73.83,74.28,72.93,1901374,,,,,,,,,,,,
8/5/20,73.68,73.47,74.12,73.17,1979957,,,,,,,,,,,,
8/6/20,75.01,73.59,75.12,73.3,1991872,,,,,,,,,,,,
8/7/20,74.72,75,75.84,74.08,1574452,,,,,,,,,,,,
8/10/20,74.81,74.36,75.2,73.65,1272550,,,,,,,,,,,,
8/11/20,74.02,74.62,75.5,73.9,1454365,,,,,,,,,,,,
8/12/20,75.33,74.28,75.62,74.26,1437655,,,,,,,,,,,,
8/13/20,75.92,75.52,76.86,75.4,1455208,,,,,,,,,,,,
8/14/20,75.39,75.78,76.1,75.14,1344675,,,,,,,,,,,,
8/17/20,75.9,75.73,76.28,75.4,1378600,,,,,,,,,,,,
8/18/20,77.93,76.31,78.12,76.19,2027086,,,,,,,,,,,,
8/19/20,77.38,77.67,78.68,77.2,1659561,,,,,,,,,,,,
8/20/20,79.09,77.17,79.29,76.91,1695393,,,,,,,,,,,,
8/21/20,79.02,78.85,79.89,78.4,1443367,,,,,,,,,,,,
8/24/20,79.41,79.7,80.71,79.03,1410229,,,,,,,,,,,,
8/25/20,80.41,79.1,80.58,79.1,2247070,,,,,,,,,,,,
8/26/20,82.62,80.4,82.96,80.18,3992566,,,,,,,,,,,,
8/27/20,81.72,82.68,82.75,81.29,1849658,,,,,,,,,,,,
8/28/20,82.22,81.67,82.36,81.54,1499782,,,,,,,,,,,,
8/31/20,81.71,82.39,82.4,81.52,1742911,,,,,,,,,,,,
9/1/20,83.04,81.83,83.29,81.61,1800758,,,,,,,,,,,,
9/2/20,86.41,83.69,86.66,83.32,2472035,,,,,,,,,,,,
9/3/20,82.09,85.49,85.49,80.75,3096090,,,,,,,,,,,,
9/4/20,79.55,81.21,82.26,77.38,2596713,,,,,,,,,,,,
9/8/20,76.62,76.68,78.19,76.4,2568681,,,,,,,,,,,,
9/9/20,77.85,77.88,78.45,76.8,1695764,,,,,,,,,,,,
9/10/20,76.6,78.03,79.2,76.29,1609612,,,,,,,,,,,,
9/11/20,76.04,76.8,78.76,74.87,1584611,,,,,,,,,,,,
9/14/20,75.96,76.95,78.2,75.79,1665741,,,,,,,,,,,,
9/15/20,77.07,76.8,77.98,76.59,1304722,,,,,,,,,,,,
9/16/20,76.05,77.78,78.1,75.99,1300391,,,,,,,,,,,,
9/17/20,74.78,74.8,75.41,73.5,1842179,,,,,,,,,,,,
9/18/20,73,74.9,75.15,71.86,3092017,,,,,,,,,,,,
9/21/20,71.56,72,72.42,70.33,2857793,,,,,,,,,,,,
9/22/20,73.27,72.5,73.48,71.73,1570613,,,,,,,,,,,,
9/23/20,70.76,72.94,73.05,70.39,1641108,,,,,,,,,,,,
9/24/20,71.41,70.55,72.19,70.49,1445560,,,,,,,,,,,,
9/25/20,72.25,71.63,72.5,70.67,1313296,,,,,,,,,,,,
9/28/20,73.23,73.71,73.84,72.47,1917884,,,,,,,,,,,,
9/29/20,73.47,73.52,73.83,72.94,974336,,,,,,,,,,,,
9/30/20,73.48,73.34,74.49,72.99,1701608,,,,,,,,,,,,
10/1/20,74.5,74.21,74.95,73.96,1772850,,,,,,,,,,,,
10/2/20,72.92,73.1,74.16,72.55,1270022,,,,,,,,,,,,
10/5/20,74.3,73.31,74.41,73.21,1113257,,,,,,,,,,,,
10/6/20,72.67,73.78,74.34,72.43,1233918,,,,,,,,,,,,
10/7/20,73.01,73.21,73.45,71.8,1746156,,,,,,,,,,,,
10/8/20,74.3,73.25,74.5,73.25,1187831,,,,,,,,,,,,
10/9/20,75.76,74.74,75.83,74.47,1425867,,,,,,,,,,,,
10/12/20,78.46,77.15,79.69,76.63,2479073,,,,,,,,,,,,
10/13/20,78.58,79.19,79.5,78.16,1590857,,,,,,,,,,,,
10/14/20,78.4,78.93,79.38,77.53,1741983,,,,,,,,,,,,
10/15/20,77.96,77.36,78.76,77.25,1540817,,,,,,,,,,,,
10/16/20,78.65,78.29,79.06,78.15,1414831,,,,,,,,,,,,
10/19/20,76.73,79.02,79.41,76.4,1604919,,,,,,,,,,,,
10/20/20,77.8,76.35,78.88,76.28,2242572,,,,,,,,,,,,
10/21/20,79.67,78.67,80.94,78.58,2565874,,,,,,,,,,,,
10/22/20,80.77,79.65,81.1,79.25,1434042,,,,,,,,,,,,
10/23/20,82.05,81.3,82.12,81.03,1367757,,,,,,,,,,,,
10/26/20,79.52,81.25,81.91,78.83,1853254,,,,,,,,,,,,
10/27/20,80.21,79.78,80.34,79.14,1229002,,,,,,,,,,,,
10/28/20,75.83,77.99,78.07,75.73,1833959,,,,,,,,,,,,
10/29/20,78.36,76.12,79.69,76.11,2003064,,,,,,,,,,,,
10/30/20,81.05,83.61,84.35,80.22,4323438,,,,,,,,,,,,
11/2/20,81.3,81.41,83.04,80.8,2535446,,,,,,,,,,,,
11/3/20,82.51,81.59,83.09,80.83,1661653,,,,,,,,,,,,
11/4/20,87.46,85.51,88.57,85.3,3504926,,,,,,,,,,,,
11/5/20,88.17,89.05,89.68,87.53,1984633,,,,,,,,,,,,
11/6/20,88.09,87.7,88.62,87.02,1600378,,,,,,,,,,,,
11/9/20,88.15,89.55,90.9,88,2268270,,,,,,,,,,,,
11/10/20,87.02,86.55,88.15,85.87,2636142,,,,,,,,,,,,
11/11/20,87.64,87.5,88.21,87.37,1247988,,,,,,,,,,,,
11/12/20,87.49,87.38,88.41,87.28,1248754,,,,,,,,,,,,
11/13/20,88.85,87.88,89.05,87.23,1498908,,,,,,,,,,,,
11/16/20,89.07,88.59,89.95,88.38,1222534,,,,,,,,,,,,
11/17/20,88.51,88.85,89.25,88.35,1147114,,,,,,,,,,,,
11/18/20,87.34,88.26,88.67,87.31,1149985,,,,,,,,,,,,
11/19/20,88.2,86.92,88.48,86.85,1230356,,,,,,,,,,,,
11/20/20,87.11,88.26,88.7,87.09,2227988,,,,,,,,,,,,
11/23/20,86.74,87.48,87.7,85.89,2161975,,,,,,,,,,,,
11/24/20,88.44,86.53,88.58,86.38,1491698,,,,,,,,,,,,
11/25/20,88.57,88.64,88.93,87.83,1046122,,,,,,,,,,,,
11/27/20,89.66,88.65,90.2,88.62,883130,,,,,,,,,,,,
11/30/20,88.04,89.06,89.4,87.75,1809552,,,,,,,,,,,,
12/1/20,89.91,88.72,91.24,88.47,1739045,,,,,,,,,,,,
12/2/20,91.4,89.91,91.78,89.47,1208443,,,,,,,,,,,,
12/3/20,91.34,91.2,92.36,91.13,1227298,,,,,,,,,,,,
12/4/20,91.4,91.23,91.66,90.85,1375420,,,,,,,,,,,,
12/7/20,90.97,90.95,91.62,90.29,1306853,,,,,,,,,,,,
12/8/20,90.93,90.51,91.1,89.81,1096319,,,,,,,,,,,,
12/9/20,89.21,90.6,91.71,88.39,1505748,,,,,,,,,,,,
12/10/20,88.77,88.49,89.07,87.02,1362848,,,,,,,,,,,,
12/11/20,89.09,88.15,89.22,88,1208240,,,,,,,,,,,,
12/14/20,88,88.75,89.87,87.86,1600173,,,,,,,,,,,,
12/15/20,88.39,88.22,88.57,87.5,1482261,,,,,,,,,,,,
12/16/20,88.15,88.64,88.65,87.8,1443734,,,,,,,,,,,,
12/17/20,87.4,88.43,88.59,86.93,1624744,,,,,,,,,,,,
12/18/20,86.55,87.71,87.76,86.01,3996808,,,,,,,,,,,,
12/21/20,86.97,85.68,87.04,84.95,1828378,,,,,,,,,,,,
12/22/20,86.18,86.72,86.87,85.63,899558,,,,,,,,,,,,
12/23/20,86.62,86.41,87.4,86.25,1033917,,,,,,,,,,,,
12/24/20,86.94,86.75,87.3,86.46,346753,,,,,,,,,,,,
12/28/20,88.8,87.58,89.54,87.32,1393033,,,,,,,,,,,,
12/29/20,87.94,89.39,89.62,87.8,1299395,,,,,,,,,,,,
12/30/20,86.98,88.1,88.25,86.28,1303649,,,,,,,,,,,,
12/31/20,87.59,86.77,87.95,86.77,1006589,,,,,,,,,,,,
1/4/21,86.41,87.88,88.03,85.39,1899425,,,,,,,,,,,,
1/5/21,87.05,86.25,87.38,85.9,1145347,,,,,,,,,,,,
1/6/21,86.76,85.13,87.4,84.95,2598517,,,,,,,,,,,,
1/7/21,89.36,87,89.42,86.85,2253056,,,,,,,,,,,,
1/8/21,90.36,89.4,90.49,88.68,2047909,,,,,,,,,,,,
1/11/21,88.34,89.3,89.72,88.03,1209735,,,,,,,,,,,,
1/12/21,87.33,87.7,88.9,86.27,1357691,,,,,,,,,,,,
1/13/21,87.72,86.93,88.25,86.9,1094131,,,,,,,,,,,,
1/14/21,87.01,87.68,88.75,86.67,1179477,,,,,,,,,,,,
1/15/21,86.81,86.91,87.8,86.08,1342170,,,,,,,,,,,,
1/19/21,89.54,87.61,90.46,87.07,1734614,,,,,,,,,,,,
1/20/21,94.35,91.57,95.19,91.28,2490258,,,,,,,,,,,,
1/21/21,94.56,94.9,96.74,94.36,2063932,,,,,,,,,,,,
1/22/21,95.05,94.78,95.55,94.09,1272232,,,,,,,,,,,,
1/25/21,94.97,96.03,96.48,93.38,1927320,,,,,,,,,,,,
1/26/21,95.86,94.44,96.25,94.21,1313139,,,,,,,,,,,,
1/27/21,91.54,94.13,94.5,90.45,2748292,,,,,,,,,,,,
1/28/21,93.16,92.2,94.94,92.13,1773138,,,,,,,,,,,,
1/29/21,91.79,92.31,92.86,90.51,1612552,,,,,,,,,,,,
2/1/21,95.07,92.68,96.12,92.55,1602182,,,,,,,,,,,,
2/2/21,96.38,96.13,97.79,95.72,2273723,,,,,,,,,,,,
2/3/21,103.5,103.65,105.83,100.92,4118170,,,,,,,,,,,,
2/4/21,103.12,103.44,103.93,102.13,1852329,,,,,,,,,,,,
2/5/21,104.9,103.5,105.13,102.97,1535135,,,,,,,,,,,,
2/8/21,104.65,105.3,106.18,103.6,1242411,,,,,,,,,,,,
2/9/21,104.18,103.93,105.26,103.93,889850,,,,,,,,,,,,
2/10/21,104.77,104.71,105.42,103.15,1135464,,,,,,,,,,,,
2/11/21,104.79,104.98,105.1,103.87,945650,,,,,,,,,,,,
2/12/21,105.21,104.51,105.44,104.16,855865,,,,,,,,,,,,
2/16/21,106.1,105.22,107.63,105.22,1133838,,,,,,,,,,,,
2/17/21,106.42,105,106.68,104.95,1070941,,,,,,,,,,,,
2/18/21,105.86,105.52,106.64,105.19,1121855,,,,,,,,,,,,
2/19/21,105.06,105.96,106.53,104.87,1457612,,,,,,,,,,,,
2/22/21,103.24,103.35,104.57,103.11,1367533,,,,,,,,,,,,
2/23/21,103.54,101.25,104.1,100.1,1667377,,,,,,,,,,,,
2/24/21,104.76,102.09,105.04,101.91,1248349,,,,,,,,,,,,
2/25/21,101.57,103.37,104.74,101.06,1828432,,,,,,,,,,,,
2/26/21,101.84,102.53,103.55,100.8,2083801,,,,,,,,,,,,
3/1/21,104.08,102.83,104.33,102.31,1405115,,,,,,,,,,,,
3/2/21,103.79,103.81,105.22,103.56,1134595,,,,,,,,,,,,
3/3/21,101.34,103.36,104.43,100.5,1484181,,,,,,,,,,,,
3/4/21,102.45,101.17,104.46,101.01,2118006,,,,,,,,,,,,
3/5/21,105.43,103.66,105.91,102.32,2195218,,,,,,,,,,,,
3/8/21,101.21,105.06,106.44,101.08,1647429,,,,,,,,,,,,
3/9/21,102.64,103.5,103.9,102.39,1697306,,,,,,,,,,,,
3/10/21,102.75,103.59,103.75,101.67,1268592,,,,,,,,,,,,
3/11/21,105.74,103.7,106.29,103.62,1239080,,,,,,,,,,,,
3/12/21,103.1,104.25,104.51,102.38,1725794,,,,,,,,,,,,
3/15/21,103.32,103.12,103.35,102.18,1298325,,,,,,,,,,,,
3/16/21,104.63,103.95,106.18,103.5,1491564,,,,,,,,,,,,
3/17/21,104.55,103.8,105.49,102.7,1299016,,,,,,,,,,,,
3/18/21,101.81,103.05,103.78,101.68,1362430,,,,,,,,,,,,
3/19/21,102.16,102.1,102.66,100.88,2314893,,,,,,,,,,,,
3/22/21,101.93,102.09,102.9,101.3,1954816,,,,,,,,,,,,
3/23/21,102.65,102.59,103.62,101.96,1366997,,,,,,,,,,,,
3/24/21,102.25,103.27,103.91,102.08,1154029,,,,,,,,,,,,
3/25/21,102.22,102.24,102.94,100.54,1418907,,,,,,,,,,,,
3/26/21,101.78,101.94,102.55,100.7,1493800,,,,,,,,,,,,
3/29/21,102.8,101.39,102.92,100.78,1229777,,,,,,,,,,,,
3/30/21,102.78,102.88,103.54,102.2,1036774,,,,,,,,,,,,
3/31/21,103.43,102.96,104.67,102.84,1459930,,,,,,,,,,,,
4/1/21,106.89,104.9,107.15,104.84,1698978,,,,,,,,,,,,
4/5/21,111.28,107.65,111.87,107.58,2164875,,,,,,,,,,,,
4/6/21,111.24,111.13,111.88,110.74,1353036,,,,,,,,,,,,
4/7/21,112.48,111.31,112.75,111.27,1289861,,,,,,,,,,,,
4/8/21,113.27,113.9,114.2,112.88,1358259,,,,,,,,,,,,
4/9/21,114.29,112.84,114.45,112.69,1044365,,,,,,,,,,,,
4/12/21,112.74,113.31,113.77,111.92,1562746,,,,,,,,,,,,
4/13/21,113.36,113.07,113.86,112.8,1165804,,,,,,,,,,,,
4/14/21,112.74,113.76,113.9,112.46,1010967,,,,,,,,,,,,
4/15/21,114.83,113.85,115.33,113.3,1373612,,,,,,,,,,,,
4/16/21,114.89,115.15,115.32,114.22,1130090,,,,,,,,,,,,
4/19/21,115.12,114.6,115.92,114.39,1234445,,,,,,,,,,,,
4/20/21,114.68,115.39,115.48,113.59,1088749,,,,,,,,,,,,
4/21/21,114.66,114.26,114.77,112.93,1196731,,,,,,,,,,,,
4/22/21,113.4,114.66,115.19,112.82,1054808,,,,,,,,,,,,
4/23/21,115.77,114.17,116.29,113.91,1435162,,,,,,,,,,,,
4/26/21,116.34,116,117.06,115.69,1041650,,,,,,,,,,,,
4/27/21,115.36,116.8,116.87,115.21,1598583,,,,,,,,,,,,
4/28/21,119,120.36,122.62,118.74,2986439,,,,,,,,,,,,
4/29/21,121.49,120.52,121.83,120.11,1977677,,,,,,,,,,,,
4/30/21,120.51,120.22,121.36,120.11,1957130,,,,,,,,,,,,
5/3/21,119.76,120.14,120.99,119.23,1689389,,,,,,,,,,,,
5/4/21,117.71,118.49,118.96,115.59,1756015,,,,,,,,,,,,
5/5/21,117.84,118.42,119.11,117.57,1090275,,,,,,,,,,,,
5/6/21,119.07,117.53,119.14,117.12,1030859,,,,,,,,,,,,
5/7/21,119.93,120,120.82,119.5,1163892,,,,,,,,,,,,
5/10/21,117.08,118.74,118.9,116.74,1300271,,,,,,,,,,,,
5/11/21,115.44,114.59,116.1,114.15,1605548,,,,,,,,,,,,
5/12/21,111.95,113.09,114.27,111.5,1746664,,,,,,,,,,,,
5/13/21,113.1,113.05,113.83,112.14,1333508,,,,,,,,,,,,
5/14/21,115.81,114.59,116.06,114.17,1328169,,,,,,,,,,,,
5/17/21,116.07,115.47,116.17,114.75,992416,,,,,,,,,,,,
5/18/21,115.17,116.85,117.16,115.16,865119,,,,,,,,,,,,
5/19/21,115.44,113.22,115.84,113.18,967544,,,,,,,,,,,,
5/20/21,117.8,116.4,118.02,116.05,1191593,,,,,,,,,,,,
5/21/21,117.26,118.3,118.45,117.12,1141632,,,,,,,,,,,,
5/24/21,120.33,118.35,120.92,118.01,1062189,,,,,,,,,,,,
5/25/21,120.45,121,121.64,120.15,941928,,,,,,,,,,,,
5/26/21,121.68,120.64,122.15,120.63,1092819,,,,,,,,,,,,
5/27/21,120.13,121.85,122,120.1,1948113,,,,,,,,,,,,
5/28/21,120.58,121.1,121.41,120.38,1205382,,,,,,,,,,,,
6/1/21,121.49,121.1,121.9,120.24,958289,,,,,,,,,,,,
6/2/21,121.06,121.77,122.1,120.21,858105,,,,,,,,,,,,
6/3/21,120.23,119.75,120.49,119.14,917291,,,,,,,,,,,,
6/4/21,122.59,121.13,122.69,120.89,1297434,,,,,,,,,,,,
6/7/21,123.3,122.57,123.4,122.05,1192453,,,,,,,,,,,,
6/8/21,124.14,124,124.72,123.41,1253253,,,,,,,,,,,,
6/9/21,124.57,124.98,125.25,124.37,1006337,,,,,,,,,,,,
6/10/21,126.08,124.7,126.16,124.7,1561733,,,,,,,,,,,,
6/11/21,125.7,126.25,126.35,124.91,1262309,,,,,,,,,,,,
6/14/21,126.35,125.67,126.41,125.05,1126001,,,,,,,,,,,,
6/15/21,126.03,126.52,126.86,125.65,1109130,,,,,,,,,,,,
6/16/21,125.7,126.25,126.52,124.15,1315838,,,,,,,,,,,,
6/17/21,126.37,125.52,127.2,125.52,1287791,,,,,,,,,,,,
6/18/21,125.57,125.71,126.39,124.6,2665310,,,,,,,,,,,,
6/21/21,126.46,125.74,127.04,125.13,1312826,,,,,,,,,,,,
6/22/21,127,126.45,127.27,126.03,1049310,,,,,,,,,,,,
6/23/21,126.46,126.55,127.8,126.25,984658,,,,,,,,,,,,
6/24/21,127.28,127.05,127.54,126.96,946662,,,,,,,,,,,,
6/25/21,127,126.96,127.51,126.44,1674297,,,,,,,,,,,,
6/28/21,126.82,127,127.34,125.97,1405543,,,,,,,,,,,,
6/29/21,126.02,126.77,127,125.44,1047478,,,,,,,,,,,,
6/30/21,125.32,125.65,125.8,124.76,1200478,,,,,,,,,,,,
7/1/21,126.37,124.85,126.46,124.85,856230,,,,,,,,,,,,
7/2/21,128.72,126.84,128.85,126.77,1058256,,,,,,,,,,,,
7/6/21,129.77,129.45,129.88,128.41,1067517,,,,,,,,,,,,
7/7/21,130.08,130.34,130.64,129.76,834186,,,,,,,,,,,,
7/8/21,129.18,128.25,130.03,128.04,988975,,,,,,,,,,,,
7/9/21,129.57,128.94,129.85,128.94,755466,,,,,,,,,,,,
7/12/21,130.56,129.83,130.77,129.6,847546,,,,,,,,,,,,
7/13/21,130.99,130.88,132.04,130.64,830898,,,,,,,,,,,,
7/14/21,132.08,131.9,133,131.9,895927,,,,,,,,,,,,
7/15/21,131.27,132.5,132.6,130.6,829316,,,,,,,,,,,,
7/16/21,131.85,131.64,132.18,130.82,743059,,,,,,,,,,,,
7/19/21,129.25,131.16,131.25,128.54,1285466,,,,,,,,,,,,
7/20/21,131.1,130,132,129.19,954156,,,,,,,,,,,,
7/21/21,132.6,130.79,132.62,130.6,737082,,,,,,,,,,,,
7/22/21,133.33,132.65,133.5,132.4,680407,,,,,,,,,,,,
7/23/21,137.82,135.26,138.81,134.7,1318887,,,,,,,,,,,,
7/26/21,139.64,138.25,139.71,137.65,1152623,,,,,,,,,,,,
7/27/21,136.8,140.01,140.01,135.1,2108153,,,,,,,,,,,,
7/28/21,136.38,138.56,139.68,136.35,2734417,,,,,,,,,,,,
7/29/21,136.54,136.38,137.15,136.14,964167,,,,,,,,,,,,
7/30/21,135.22,135.51,135.77,134.81,1197725,,,,,,,,,,,,
8/2/21,135.99,135.48,136.02,134.67,1007002,,,,,,,,,,,,
8/3/21,136.28,136,136.34,134.18,953200,,,,,,,,,,,,
8/4/21,136.03,136.25,136.54,135.42,826357,,,,,,,,,,,,
8/5/21,136.94,136.03,136.95,135.6,593589,,,,,,,,,,,,
8/6/21,137.04,136.3,137.08,136.05,678251,,,,,,,,,,,,
8/9/21,138,136.95,138.32,136.43,618978,,,,,,,,,,,,
8/10/21,138.1,138.08,138.55,137.23,801954,,,,,,,,,,,,
8/11/21,137.69,138.28,138.85,137.35,760483,,,,,,,,,,,,
8/12/21,138.39,137.71,138.42,136.78,732470,,,,,,,,,,,,
8/13/21,138.41,138.36,138.67,138.01,629029,,,,,,,,,,,,
8/16/21,138.92,138,138.99,136.17,902542,,,,,,,,,,,,
8/17/21,137.3,138.19,138.72,136.79,1063701,,,,,,,,,,,,
8/18/21,136.57,137.12,138.29,136.42,746723,,,,,,,,,,,,
8/19/21,136.91,135.47,137.45,135.36,914796,,,,,,,,,,,,
8/20/21,138.44,137.08,138.61,136.47,778337,,,,,,,,,,,,
8/23/21,141.1,139,142.18,138.75,1054484,,,,,,,,,,,,
8/24/21,142.4,141.54,143.01,141.35,756313,,,,,,,,,,,,
8/25/21,142.95,142.88,143.31,142.44,642153,,,,,,,,,,,,
8/26/21,142.12,142.62,143.13,142.09,746100,,,,,,,,,,,,
8/27/21,144.55,142.11,145.01,142.02,1228412,,,,,,,,,,,,
8/30/21,145.47,144.7,146.49,144.6,845795,,,,,,,,,,,,
8/31/21,145.46,145.88,146.11,145,1337821,,,,,,,,,,,,
9/1/21,145.84,145.65,146.82,145.61,791234,,,,,,,,,,,,
9/2/21,144.22,145.95,146.33,144.11,1092790,,,,,,,,,,,,
9/3/21,144.78,144.15,145.38,143.51,955524,,,,,,,,,,,,
9/7/21,145.52,144.75,145.82,144.54,758630,,,,,,,,,,,,
9/8/21,144.88,145.39,145.55,144.2,774583,,,,,,,,,,,,
9/9/21,144.91,144.88,145.67,144.43,739928,,,,,,,,,,,,
9/10/21,141.92,145.44,146.02,141.74,1644831,,,,,,,,,,,,
9/13/21,143.47,143.2,144.19,142.28,1008781,,,,,,,,,,,,
9/14/21,143.41,144.16,144.73,142.91,945957,,,,,,,,,,,,
9/15/21,145.21,143.76,145.58,142.26,1032671,,,,,,,,,,,,
9/16/21,144.37,145.12,145.2,143.42,1014942,,,,,,,,,,,,
9/17/21,141.46,143.8,144.25,141.06,3001991,,,,,,,,,,,,
9/20/21,139.02,139,139.36,137.05,1745886,,,,,,,,,,,,
9/21/21,139.65,140.12,140.81,138.91,906469,,,,,,,,,,,,
9/22/21,140.94,140.05,141.58,139.47,1103390,,,,,,,,,,,,
9/23/21,141.83,141.61,142.25,141.1,863805,,,,,,,,,,,,
9/24/21,142.63,140.95,142.9,140.85,747467,,,,,,,,,,,,
9/27/21,141.5,141.59,142.5,140.5,942204,,,,,,,,,,,,
9/28/21,136.18,139.09,139.61,135.7,2109483,,,,,,,,,,,,
9/29/21,134.52,137.11,137.4,134.25,1316861,,,,,,,,,,,,
9/30/21,133.27,134.33,135.59,133,1768199,,,,,,,,,,,,
10/1/21,136.46,133.55,137.07,133.38,1419365,,,,,,,,,,,,
10/4/21,133.77,135.7,135.7,131.17,1576495,,,,,,,,,,,,
10/5/21,136.18,134,137.36,134,1206337,,,,,,,,,,,,
10/6/21,137.35,134.63,137.85,134.49,988216,,,,,,,,,,,,
10/7/21,139.19,138.86,140.15,138.56,912523,,,,,,,,,,,,
10/8/21,140.06,139.91,140.32,139.43,946421,,,,,,,,,,,,
10/11/21,138.85,139.8,140.76,138.81,829238,,,,,,,,,,,,
10/12/21,136.71,139.64,139.7,136.25,1126751,,,,,,,,,,,,
10/13/21,137.9,137.75,138.55,136.98,819664,,,,,,,,,,,,
10/14/21,141.41,139.95,141.65,139.34,1071878,,,,,,,,,,,,
10/15/21,141.68,142.2,142.2,141.06,1062668,,,,,,,,,,,,
10/18/21,142.96,141.21,143,141.21,828360,,,,,,,,,,,,
10/19/21,143.82,143.29,144.11,143.1,765792,,,,,,,,,,,,
10/20/21,142.42,144.22,144.25,141.91,896975,,,,,,,,,,,,
10/21/21,142.78,142.19,142.85,141.64,742496,,,,,,,,,,,,
10/22/21,138.63,140.35,141.56,137.17,1509132,,,,,,,,,,,,
10/25/21,138.77,138.81,139.21,136.75,1054085,,,,,,,,,,,,
10/26/21,139.67,140.61,140.84,139.01,1412937,,,,,,,,,,,,
10/27/21,146.43,139.9,149.12,139.9,2592546,,,,,,,,,,,,
10/28/21,146.13,147.3,147.42,144.76,1620903,,,,,,,,,,,,
10/29/21,148.27,145.52,148.61,145.17,1447725,,,,,,,,,,,,
11/1/21,143.77,148.17,148.4,143.58,1613605,,,,,,,,,,,,
11/2/21,145.86,144.81,146.92,144.64,1057529,,,,,,,,,,,,
11/3/21,146.79,146.28,146.91,145.05,894330,,,,,,,,,,,,
11/4/21,148.68,147.2,149.95,146.64,1235040,,,,,,,,,,,,
11/5/21,149.24,149.35,150.57,148.65,1020407,,,,,,,,,,,,
11/8/21,149.35,150,151.03,149.12,919407,,,,,,,,,,,,
11/9/21,149.25,149.75,150.38,147.51,843778,,,,,,,,,,,,
11/10/21,146.63,148.01,148.7,145.33,1135416,,,,,,,,,,,,
11/11/21,146.75,147.11,148.5,146.69,623155,,,,,,,,,,,,
11/12/21,149.65,147.83,149.86,146.45,852383,,,,,,,,,,,,
11/15/21,149.39,150,150.48,148.65,812367,,,,,,,,,,,,
11/16/21,149.08,149.17,149.83,148.35,862743,,,,,,,,,,,,
11/17/21,149.06,149.23,149.63,148.56,764541,,,,,,,,,,,,
11/18/21,150.71,149.15,151.61,149,1334120,,,,,,,,,,,,
11/19/21,149.95,151,151.85,149.89,989148,,,,,,,,,,,,
11/22/21,147.08,150.14,150.74,147.01,1231385,,,,,,,,,,,,
11/23/21,146.76,147.11,147.69,144.89,906657,,,,,,,,,,,,
11/24/21,146.72,146.35,147,145.2,823203,,,,,,,,,,,,
11/26/21,142.81,145.02,145.3,142.49,849606,,,,,,,,,,,,
11/29/21,146.11,144.3,146.86,144.3,1313806,,,,,,,,,,,,
11/30/21,142.45,145.45,146.63,142.07,2079526,,,,,,,,,,,,
12/1/21,141.62,144.21,146.5,141.5,1427289,,,,,,,,,,,,
12/2/21,143.78,141.82,144.68,140.98,1062535,,,,,,,,,,,,
12/3/21,142.52,144.5,145.21,141.15,1334374,,,,,,,,,,,,
12/6/21,143.8,143.57,144.35,140.65,1109885,,,,,,,,,,,,
12/7/21,148.04,145.95,148.3,145.7,1162914,,,,,,,,,,,,
12/8/21,148.72,148.33,149.16,147.2,948197,,,,,,,,,,,,
12/9/21,148.11,148.18,149.61,147.53,929030,,,,,,,,,,,,
12/10/21,148.68,149.1,149.4,147.36,1081923,,,,,,,,,,,,
12/13/21,146.7,148.44,148.56,146.36,1205196,,,,,,,,,,,,
12/14/21,144.97,144.77,145.44,142.24,1238940,,,,,,,,,,,,
12/15/21,147.37,144.37,147.52,142.71,1364048,,,,,,,,,,,,
12/16/21,144.84,148.08,148.55,144.09,1369987,,,,,,,,,,,,
12/17/21,142.8,142.71,144.46,141.79,2170235,,,,,,,,,,,,
12/20/21,142.4,140.68,142.61,140.25,1013176,,,,,,,,,,,,
12/21/21,144.22,143.15,144.69,141.74,977597,,,,,,,,,,,,
12/22/21,146.95,144.1,147.3,143.96,922024,,,,,,,,,,,,
12/23/21,147.14,147.09,148.57,146.95,690934,,,,,,,,,,,,
12/27/21,148.06,147.46,148.43,147.25,662966,,,,,,,,,,,,
12/28/21,146.45,148.37,148.37,145.94,931792,,,,,,,,,,,,
12/29/21,146.5,146.43,147.18,145.5,851236,,,,,,,,,,,,
12/30/21,146,146.45,147.06,145.76,648851,,,,,,,,,,,,
12/31/21,144.68,145.54,146.37,144.68,864885,,,,,,,,,,,,
1/3/22,145.07,144.48,145.55,143.5,1261225,,,,,,,,,,,,
1/4/22,144.42,145.55,146.61,143.82,1146389,,,,,,,,,,,,
1/5/22,137.65,144.18,144.3,137.52,2482076,,,,,,,,,,,,
1/6/22,137.55,137.5,139.69,136.76,1452452,,,,,,,,,,,,
1/7/22,137,137.91,138.25,135.79,970412,,,,,,,,,,,,
1/10/22,138.57,135.1,138.64,133.14,1704784,,,,,,,,,,,,
1/11/22,140.02,138.18,140.33,136.81,1175062,,,,,,,,,,,,
1/12/22,141.65,141.55,142.81,141.11,1182079,,,,,,,,,,,,
1/13/22,139.13,141.84,143.19,138.91,1328254,,,,,,,,,,,,
1/14/22,139.79,137.5,141.2,137.5,1191296,,,,,,,,,,,,
1/18/22,136.29,136.6,137.39,135.62,1370098,,,,,,,,,,,,
1/19/22,135.65,136.94,138.4,135.5,1039764,,,,,,,,,,,,
1/20/22,133.51,136.51,137.91,133.14,1096528,,,,,,,,,,,,
1/21/22,130.09,133.01,134.76,130,2095961,,,,,,,,,,,,
1/24/22,130.37,126.03,130.78,124.64,2764602,,,,,,,,,,,,
1/25/22,126.74,128.44,129.34,126.38,1800430,,,,,,,,,,,,
1/26/22,129.24,130.59,132.81,127.15,1981544,,,,,,,,,,,,
1/27/22,129.12,131.36,132.61,128.95,1514251,,,,,,,,,,,,
1/28/22,133.29,130,133.37,128.69,1525878,,,,,,,,,,,,
1/31/22,135.7,134.2,135.84,132.27,1702778,,,,,,,,,,,,
2/1/22,137.88,137.84,138.2,134.57,2560160,,,,,,,,,,,,
2/2/22,148.04,151.86,152.1,145.56,4487538,,,,,,,,,,,,
2/3/22,142.65,145.3,149.12,142.21,2846507,,,,,,,,,,,,
2/4/22,143.02,143.02,144.54,139.82,2461220,,,,,,,,,,,,
2/7/22,138.94,143.71,143.85,138.7,2230537,,,,,,,,,,,,
2/8/22,139.21,138.99,139.84,136.87,1712752,,,,,,,,,,,,
2/9/22,141.45,140.85,142.18,140.38,1431358,,,,,,,,,,,,
2/10/22,138.6,139.5,141.43,138.05,1650885,,,,,,,,,,,,
2/11/22,134.13,138.75,139.28,133.29,1940440,,,,,,,,,,,,
2/14/22,135.3,133.37,136.17,133.3,1339640,,,,,,,,,,,,
2/15/22,136.43,137.47,137.9,135.54,1328878,,,,,,,,,,,,
2/16/22,137.49,136.43,137.95,134.82,1280483,,,,,,,,,,,,
2/17/22,132.31,136.15,136.84,132.2,1548406,,,,,,,,,,,,
2/18/22,130.47,133.04,133.82,130.31,1592930,,,,,,,,,,,,
2/22/22,129.4,129.99,131.9,127.74,1945329,,,,,,,,,,,,
2/23/22,127.59,131.08,131.75,127.5,1321564,,,,,,,,,,,,
2/24/22,132.67,125,133.04,124.76,2158254,,,,,,,,,,,,
2/25/22,134.52,133.53,135.39,131.77,1311793,,,,,,,,,,,,
2/28/22,134.89,133.28,135.64,132.83,1483784,,,,,,,,,,,,
3/1/22,134.17,134.48,136.11,133.38,1231996,,,,,,,,,,,,
3/2/22,134.75,134.61,135.62,133.43,1198337,,,,,,,,,,,,
3/3/22,134.31,135.98,136.71,133.43,988965,,,,,,,,,,,,
3/4/22,132.12,133.38,134.2,130.41,1223612,,,,,,,,,,,,
3/7/22,126.46,131.9,131.9,126.41,1958895,,,,,,,,,,,,
3/8/22,127.28,126.25,131.25,125.86,1762478,,,,,,,,,,,,
3/9/22,133.87,131.4,134.2,130.09,1593917,,,,,,,,,,,,
3/10/22,132.68,131.46,133.54,131.4,1213260,,,,,,,,,,,,
3/11/22,130.48,134,134.2,130.3,1329990,,,,,,,,,,,,
3/14/22,126.74,130.57,131.03,126.41,1512693,,,,,,,,,,,,
3/15/22,129.66,127.74,130.52,126.57,1514630,,,,,,,,,,,,
3/16/22,133.69,131,133.77,129.2,1602910,,,,,,,,,,,,
3/17/22,134.6,133.32,134.74,132.72,1199719,,,,,,,,,,,,
3/18/22,136.8,133.88,136.91,132.93,2294985,,,,,,,,,,,,
3/21/22,136.48,136.85,137.58,134.61,1331623,,,,,,,,,,,,
3/22/22,140.28,136.5,141.5,136.5,1488843,,,,,,,,,,,,
3/23/22,138.5,139.14,140.03,138.17,1265116,,,,,,,,,,,,
3/24/22,141.31,139.27,141.4,138.04,1027236,,,,,,,,,,,,
3/25/22,141.52,141.75,141.96,139.7,964454,,,,,,,,,,,,
3/28/22,141.95,140.68,141.98,139.83,1188654,,,,,,,,,,,,
3/29/22,143.25,143.16,144.16,142.48,1433921,,,,,,,,,,,,
3/30/22,142.64,142.87,143.48,142.17,1052319,,,,,,,,,,,,
3/31/22,139.65,142.45,142.64,139.62,1475816,,,,,,,,,,,,
4/1/22,140.7,140.01,140.95,138.8,1174001,,,,,,,,,,,,
4/4/22,143.64,140.82,144.04,140.82,954245,,,,,,,,,,,,
4/5/22,141.06,143.4,143.59,140.94,962778,,,,,,,,,,,,
4/6/22,137.18,139.16,139.85,136.42,1178730,,,,,,,,,,,,
4/7/22,136.47,136.62,137.7,134.86,972427,,,,,,,,,,,,
4/8/22,134.01,136.25,136.25,133.75,821724,,,,,,,,,,,,
4/11/22,129.8,132.9,132.94,129.62,1209367,,,,,,,,,,,,
4/12/22,128.37,132.42,132.42,127.58,1150161,,,,,,,,,,,,
4/13/22,130.29,128.63,130.66,128.44,977148,,,,,,,,,,,,
4/14/22,127.25,130.65,130.71,127.11,1174168,,,,,,,,,,,,
4/18/22,127.96,127.41,128.71,126.58,745860,,,,,,,,,,,,
4/19/22,130.53,128.08,130.9,127.45,1135965,,,,,,,,,,,,
4/20/22,128.25,131.28,131.92,127.89,1130469,,,,,,,,,,,,
4/21/22,124.94,129.35,130.31,124.65,1507877,,,,,,,,,,,,
4/22/22,119.61,125,125.45,119.14,2320515,,,,,,,,,,,,
4/25/22,123.25,119.43,123.28,118.77,1726090,,,,,,,,,,,,
4/26/22,119.51,122.75,122.75,119.16,2469652,,,,,,,,,,,,
4/27/22,115.02,114.37,117.5,113.12,3111906,,,,,,,,,,,,
4/28/22,119.41,117.12,120.44,115.14,1839547,,,,,,,,,,,,
4/29/22,114.97,117.58,118.96,114.69,1684655,,,,,,,,,,,,
5/2/22,117.16,113.91,117.34,113.4,1513982,,,,,,,,,,,,
5/3/22,118.13,116.77,119.3,116.63,1060787,,,,,,,,,,,,
5/4/22,122.58,118,123.14,115.74,1661573,,,,,,,,,,,,
5/5/22,116.75,120.22,121.23,115.18,2154452,,,,,,,,,,,,
5/6/22,115.66,115.52,117.5,114.14,1765474,,,,,,,,,,,,
5/9/22,113.08,113.3,115.56,112.55,1726048,,,,,,,,,,,,
5/10/22,114.58,116.04,116.69,113.38,1557889,,,,,,,,,,,,
5/11/22,113.96,113.71,116.67,113.65,1825082,,,,,,,,,,,,
5/12/22,113.16,111.94,114.86,110.11,2073244,,,,,,,,,,,,
5/13/22,116.52,114.85,118.09,114,1486878,,,,,,,,,,,,
5/16/22,114.79,115.38,116.61,114.34,1164119,,,,,,,,,,,,
5/17/22,116.7,117.23,117.23,115.34,1078804,,,,,,,,,,,,
5/18/22,112.4,115.24,115.7,112.14,1399138,,,,,,,,,,,,
5/19/22,110.75,111.84,113.59,110.47,1459587,,,,,,,,,,,,
5/20/22,109.31,112.09,112.55,106.37,1879301,,,,,,,,,,,,
5/23/22,111.67,110.1,112.01,109.15,1577911,,,,,,,,,,,,
5/24/22,105.93,106.38,106.4,102.21,3019319,,,,,,,,,,,,
5/25/22,105.84,105.14,106.54,104.21,1894967,,,,,,,,,,,,
5/26/22,108.3,106.05,108.96,105.49,1514374,,,,,,,,,,,,
5/27/22,112.8,109.79,112.87,109.55,1496221,,,,,,,,,,,,
5/31/22,114.04,113.08,116.43,112.57,2565096,,,,,,,,,,,,
6/1/22,114.14,114.93,117.4,113.55,1431464,,,,,,,,,,,,
6/2/22,117.75,114.19,117.9,113.31,1374770,,,,,,,,,,,,
6/3/22,114.56,115.99,116.36,113.67,1247604,,,,,,,,,,,,
6/6/22,117.01,116.74,119.4,116.53,1189336,,,,,,,,,,,,
6/7/22,117.23,115.65,117.75,115.13,1320677,,,,,,,,,,,,
6/8/22,117.24,116.88,118.65,116.7,1127213,,,,,,,,,,,,
6/9/22,114.92,116.34,118.35,114.87,1157080,,,,,,,,,,,,
6/10/22,111.43,112.78,113.5,110.86,1567487,,,,,,,,,,,,
6/13/22,106.88,107.45,109.22,106.59,1837810,,,,,,,,,,,,
6/14/22,107.19,106.89,108.46,106.35,1274047,,,,,,,,,,,,
6/15/22,110.39,108.9,112.06,108.12,1659601,,,,,,,,,,,,
6/16/22,106.64,108.15,109.29,105.79,1765662,,,,,,,,,,,,
6/17/22,107.87,106.54,109.25,105.63,2175833,,,,,,,,,,,,
6/21/22,112.02,109.7,112.67,109.29,1950514,,,,,,,,,,,,
6/22/22,112.03,111.16,113.77,110.72,1196086,,,,,,,,,,,,
6/23/22,112.68,112.95,113.2,111.03,1235486,,,,,,,,,,,,
6/24/22,118.54,113.6,118.64,113.6,1956138,,,,,,,,,,,,
6/27/22,116.62,118.94,119.25,116,1641965,,,,,,,,,,,,
6/28/22,112.57,116.35,117.86,112.44,1415811,,,,,,,,,,,,
6/29/22,112.26,112.15,113.66,111.55,931393,,,,,,,,,,,,
6/30/22,109.37,110.5,111.33,107.31,1902302,,,,,,,,,,,,
7/1/22,109.08,108.34,109.81,107.11,1551394,,,,,,,,,,,,
7/5/22,113.89,107.51,114.05,106.25,1821469,,,,,,,,,,,,
7/6/22,115.21,114.09,116.35,112.25,1442634,,,,,,,,,,,,
7/7/22,119.31,116.01,119.86,115.53,1609197,,,,,,,,,,,,
7/8/22,120.17,117.55,120.44,117.51,1454110,,,,,,,,,,,,
7/11/22,116.52,118.65,118.79,116.23,1341523,,,,,,,,,,,,
7/12/22,114.85,116.84,117.85,114.62,1248508,,,,,,,,,,,,
7/13/22,112.19,112.64,115.16,111.82,1947943,,,,,,,,,,,,
7/14/22,111.44,110.83,111.99,109.33,1618277,,,,,,,,,,,,
7/15/22,112.77,112.96,114,111.82,1716538,,,,,,,,,,,,
7/18/22,109.91,113.44,114.8,109.3,33353985,,,,,,,,,,,,
7/19/22,114.62,111.73,114.81,110.5,30992331,,,,,,,,,,,,
7/20/22,114.7,114.06,116.33,113.26,26780088,,,,,,,,,,,,
7/21/22,115.04,115.09,115.21,111.91,27267848,,,,,,,,,,,,
7/22/22,108.36,111.81,113.18,107.6,44455304,,,,,,,,,,,,
7/25/22,108.21,108.88,110.58,107.01,28289942,,,,,,,,,,,,
7/26/22,105.44,107.43,107.74,104.76,36626630,,,,,,,,,,,,
7/27/22,113.6,109.6,114.4,108.42,41474618,,,,,,,,,,,,
7/28/22,114.59,112.8,114.7,111.85,23303844,,,,,,,,,,,,
7/29/22,116.64,113.4,116.9,113.23,31336183,,,,,,,,,,,,
8/1/22,115.48,115.53,117.12,114.69,22856202,,,,,,,,,,,,
8/2/22,115.9,114.43,117.08,114.26,17911039,,,,,,,,,,,,
8/3/22,118.78,116.34,119.42,116.15,25302816,,,,,,,,,,,,
8/4/22,118.87,118.3,119.5,117.71,15757698,,,,,,,,,,,,
8/5/22,118.22,116.93,118.86,116.71,15615663,,,,,,,,,,,,
8/8/22,118.14,119.12,120.86,117.83,17061112,,,,,,,,,,,,
8/9/22,117.5,117.99,118.2,116.56,15424257,,,,,,,,,,,,
8/10/22,120.65,119.59,121.78,119.36,20497021,,,,,,,,,,,,
8/11/22,119.82,122.08,122.34,119.55,16671627,,,,,,,,,,,,
8/12/22,122.65,121.16,122.65,120.4,16121087,,,,,,,,,,,,
8/15/22,122.88,122.21,123.26,121.57,15524951,,,,,,,,,,,,
8/16/22,122.51,122.32,123.23,121.54,15626171,,,,,,,,,,,,
8/17/22,120.32,120.93,122.15,120.2,17589157,,,,,,,,,,,,
8/18/22,120.86,120.23,121.69,119.55,15652029,,,,,,,,,,,,
8/19/22,118.12,119.87,120,117.67,20186983,,,,,,,,,,,,
8/22/22,115.07,116.1,116.5,114.67,19316024,,,,,,,,,,,,
8/23/22,114.77,114.32,115.93,114.3,14390691,,,,,,,,,,,,
8/24/22,114.7,114.45,115.72,113.78,16051174,,,,,,,,,,,,
8/25/22,117.7,115.15,117.78,115.05,14874666,,,,,,,,,,,,
8/26/22,111.3,115.81,116.6,111.22,31698668,,,,,,,,,,,,
8/29/22,110.34,110.78,111.96,109.81,20386142,,,,,,,,,,,,
8/30/22,109.91,111.03,111.37,108.8,20548202,,,,,,,,,,,,
8/31/22,109.15,111.63,111.77,109.05,25897978,,,,,,,,,,,,
9/1/22,110.55,109.2,111.22,108.19,22784385,,,,,,,,,,,,
9/2/22,108.68,111.34,111.68,108.13,20618080,,,,,,,,,,,,
9/6/22,107.48,108.14,108.88,106.51,20565050,,,,,,,,,,,,
9/7/22,110.48,107.76,110.99,107.62,22987178,,,,,,,,,,,,
9/8/22,109.42,109.18,110.58,108.06,21660654,,,,,,,,,,,,
9/9/22,111.78,110.05,112,110,21745034,,,,,,,,,,,,
9/12/22,111.87,111.99,112.64,110.93,19732905,,,,,,,,,,,,
9/13/22,105.31,108.89,109.37,105,33014991,,,,,,,,,,,,
9/14/22,105.87,105.44,106.1,104.5,22115805,,,,,,,,,,,,
9/15/22,103.9,105.01,106.21,103.31,26494933,,,,,,,,,,,,
9/16/22,103.63,102.97,104.03,101.86,64540115,,,,,,,,,,,,
9/19/22,103.85,102.54,104.02,102.37,19738603,,,,,,,,,,,,
9/20/22,101.83,102.88,103.17,101.12,24001668,,,,,,,,,,,,
9/21/22,100.01,102.24,103.49,99.99,26596757,,,,,,,,,,,,
9/22/22,100.57,99.45,101.68,99.41,21272675,,,,,,,,,,,,
9/23/22,99.17,100.06,100.11,98.01,25656959,,,,,,,,,,,,
9/26/22,98.81,98.61,100.44,98.38,22437938,,,,,,,,,,,,
9/27/22,98.09,99.91,100.46,97.34,24224988,,,,,,,,,,,,
9/28/22,100.74,98.02,101.4,97.8,24616999,,,,,,,,,,,,
9/29/22,98.09,99.3,99.3,96.52,21921520,,,,,,,,,,,,
9/30/22,96.15,97.73,99.49,96.03,26277832,,,,,,,,,,,,
10/3/22,99.3,97.22,99.97,97.02,24840028,,,,,,,,,,,,
10/4/22,102.41,101.04,102.72,101.04,22580931,,,,,,,,,,,,
10/5/22,102.22,100.69,102.74,99.74,18475515,,,,,,,,,,,,
10/6/22,102.24,101.5,103.73,101.5,17156240,,,,,,,,,,,,
10/7/22,99.57,100.65,101.42,99.21,24249910,,,,,,,,,,,,
10/10/22,98.71,99.85,99.99,97.87,16529897,,,,,,,,,,,,
10/11/22,98.05,98.25,100.12,97.25,21617727,,,,,,,,,,,,
10/12/22,98.3,98.27,99.65,97.67,17343431,,,,,,,,,,,,
10/13/22,99.71,95.93,100.53,95.27,32812220,,,,,,,,,,,,
10/14/22,97.18,100.63,101.29,97.03,22624832,,,,,,,,,,,,
10/17/22,100.78,99.52,101.77,99.51,23311604,,,,,,,,,,,,
10/18/22,101.39,103.94,104.22,100.65,21610541,,,,,,,,,,,,
10/19/22,100.29,100.7,101.66,99.64,21573686,,,,,,,,,,,,
10/20/22,100.53,100.82,103,99.97,25125082,,,,,,,,,,,,
10/21/22,101.48,98.46,101.62,98.23,28988727,,,,,,,,,,,,
10/24/22,102.97,102.09,103.1,100.3,24680831,,,,,,,,,,,,
10/25/22,104.93,103.3,105.1,103.02,29910170,,,,,,,,,,,,
10/26/22,94.82,96.76,98.54,94.57,71671814,,,,,,,,,,,,
10/27/22,92.6,94.31,95.17,91.9,54036485,,,,,,,,,,,,
10/28/22,96.58,92.53,96.86,92.32,35696925,,,,,,,,,,,,
10/31/22,94.66,95.78,96.35,94.38,29868714,,,,,,,,,,,,
11/1/22,90.5,95.59,96.17,90.43,43220599,,,,,,,,,,,,
11/2/22,87.07,90.91,91.3,87.01,43553551,,,,,,,,,,,,
11/3/22,83.49,86.35,86.55,83.45,48510364,,,,,,,,,,,,
11/4/22,86.7,85.51,86.73,83.88,40173284,,,,,,,,,,,,
11/7/22,88.65,87.34,88.94,86.96,26899879,,,,,,,,,,,,
11/8/22,88.91,89.16,90.41,87.65,30172001,,,,,,,,,,,,
11/9/22,87.4,88.55,89.49,87.36,26743883,,,,,,,,,,,,
11/10/22,94.17,92.34,94.55,91.65,42371216,,,,,,,,,,,,
11/11/22,96.73,94.71,97.36,94.16,30569112,,,,,,,,,,,,
11/14/22,96.03,95.5,97.18,95.11,24170076,,,,,,,,,,,,
11/15/22,98.72,98.67,100.42,97.02,31830969,,,,,,,,,,,,
11/16/22,98.99,98.02,99.85,97.9,24660195,,,,,,,,,,,,
11/17/22,98.5,97.18,99.48,97.1,21818732,,,,,,,,,,,,
11/18/22,97.8,99.01,99.16,96.74,24969880,,,,,,,,,,,,
11/21/22,95.83,97.56,98.72,95.67,18696874,,,,,,,,,,,,
11/22/22,97.33,96.16,97.55,94.41,18868850,,,,,,,,,,,,
11/23/22,98.82,97.34,99.07,97.34,17568859,,,,,,,,,,,,
11/25/22,97.6,98.47,98.94,97.53,8567819,,,,,,,,,,,,
11/28/22,96.25,97.2,97.83,95.89,19981974,,,,,,,,,,,,
11/29/22,95.44,96,96.39,94.39,20220007,,,,,,,,,,,,
11/30/22,101.45,95.12,101.45,94.67,39888074,,,,,,,,,,,,
12/1/22,101.28,101.4,102.59,100.67,21771536,,,,,,,,,,,,
12/2/22,100.83,99.37,101.15,99.17,18821527,,,,,,,,,,,,
12/5/22,99.87,99.82,101.75,99.36,19955546,,,,,,,,,,,,
12/6/22,97.31,99.67,100.21,96.76,20877623,,,,,,,,,,,,
12/7/22,95.15,96.77,97.31,95.03,26647877,,,,,,,,,,,,
12/8/22,93.95,95.69,95.87,93.8,25593232,,,,,,,,,,,,
12/9/22,93.07,93.9,94.49,93.02,21885308,,,,,,,,,,,,
12/12/22,93.56,93.09,93.87,91.9,27380948,,,,,,,,,,,,
12/13/22,95.85,98.07,99.8,95.38,34788522,,,,,,,,,,,,
12/14/22,95.31,95.54,97.22,93.94,26452939,,,,,,,,,,,,
12/15/22,91.2,93.54,94.03,90.43,28298756,,,,,,,,,,,,
12/16/22,90.86,91.2,91.75,90.01,48485507,,,,,,,,,,,,
12/19/22,89.15,90.88,91.2,88.93,23020537,,,,,,,,,,,,
12/20/22,89.63,88.73,89.78,88.04,21976846,,,,,,,,,,,,
12/21/22,90.25,89.73,90.92,88.91,20336387,,,,,,,,,,,,
12/22/22,88.26,88.93,89.18,86.94,23656066,,,,,,,,,,,,
12/23/22,89.81,87.62,90.1,87.62,17815010,,,,,,,,,,,,
12/27/22,87.93,89.31,89.5,87.54,15470870,,,,,,,,,,,,
12/28/22,86.46,87.5,88.52,86.37,17879567,,,,,,,,,,,,
12/29/22,88.95,87.03,89.37,86.99,18280660,,,,,,,,,,,,
12/30/22,88.73,87.37,88.83,87.03,19190296,,,,,,,,,,,,
1/3/23,89.7,89.83,91.55,89.02,20738457,,,,,,,,,,,,
1/4/23,88.71,91.01,91.24,87.8,27046483,,,,,,,,,,,,
1/5/23,86.77,88.07,88.21,86.56,23136084,,,,,,,,,,,,
1/6/23,88.16,87.36,88.47,85.57,26612628,,,,,,,,,,,,
1/9/23,88.8,89.2,90.83,88.58,22996681,,,,,,,,,,,,
1/10/23,89.24,86.72,89.48,86.7,22855590,,,,,,,,,,,,
1/11/23,92.26,90.06,92.45,89.74,25998844,,,,,,,,,,,,
1/12/23,91.91,92.4,92.62,90.57,22754216,,,,,,,,,,,,
1/13/23,92.8,91.53,92.98,90.93,18630709,,,,,,,,,,,,
1/17/23,92.16,92.78,92.97,90.84,22935823,,,,,,,,,,,,
1/18/23,91.78,92.94,93.59,91.4,19641622,,,,,,,,,,,,
1/19/23,93.91,91.39,94.4,91.38,28707653,,,,,,,,,,,,
1/20/23,99.28,95.95,99.42,95.91,53704763,,,,,,,,,,,,
1/23/23,101.21,99.13,101.4,98.75,31791782,,,,,,,,,,,,
1/24/23,99.21,99.55,101.09,98.7,27391372,,,,,,,,,,,,
1/25/23,96.73,97.2,97.72,95.26,31000850,,,,,,,,,,,,
1/26/23,99.16,98.28,99.21,96.82,24542060,,,,,,,,,,,,
1/27/23,100.71,99.05,101.58,98.97,29020354,,,,,,,,,,,,
1/30/23,97.95,98.75,99.41,97.52,24365142,,,,,,,,,,,,
1/31/23,99.87,97.86,99.91,97.79,22306778,,,,,,,,,,,,
2/1/23,101.43,99.74,102.19,98.42,26392568,,,,,,,,,,,,
2/2/23,108.8,106.79,108.82,106.54,46622627,,,,,,,,,,,,
2/3/23,105.22,103.51,108.02,103.3,36823421,,,,,,,,,,,,
2/6/23,103.47,102.69,104.7,102.21,25573046,,,,,,,,,,,,
2/7/23,108.04,103.63,108.67,103.55,33738828,,,,,,,,,,,,
2/8/23,100,102.69,103.58,98.46,73546029,,,,,,,,,,,,
2/9/23,95.46,100.54,100.61,93.86,97798573,,,,,,,,,,,,
2/10/23,94.86,95.74,97.02,94.53,49325275,,,,,,,,,,,,
2/13/23,95,95.01,95.35,94.05,43116559,,,,,,,,,,,,
2/14/23,94.95,94.66,95.18,92.65,42513079,,,,,,,,,,,,
2/15/23,97.1,94.74,97.34,94.36,37029885,,,,,,,,,,,,
2/16/23,95.78,95.54,97.88,94.97,35642106,,,,,,,,,,,,
2/17/23,94.59,95.07,95.75,93.45,31095067,,,,,,,,,,,,
2/21/23,92.05,93.24,93.41,92,28367198,,,,,,,,,,,,
2/22/23,91.8,91.93,92.36,90.87,29891135,,,,,,,,,,,,
2/23/23,91.07,92.13,92.13,90.01,32423720,,,,,,,,,,,,
2/24/23,89.35,89.63,90.13,88.86,31295619,,,,,,,,,,,,
2/27/23,90.1,90.09,90.45,89.61,22724262,,,,,,,,,,,,
2/28/23,90.3,89.54,91.45,89.52,30546912,,,,,,,,,,,,
3/1/23,90.51,90.16,91.2,89.85,26323876,,,,,,,,,,,,
3/2/23,92.31,89.86,92.48,89.77,23344562,,,,,,,,,,,,
3/3/23,94.02,92.74,94.11,92.66,30242538,,,,,,,,,,,,
3/6/23,95.58,94.36,96.3,94.3,28288206,,,,,,,,,,,,
3/7/23,94.17,95.42,96.09,93.84,24101536,,,,,,,,,,,,
3/8/23,94.65,94.41,96.24,94.41,25395200,,,,,,,,,,,,
3/9/23,92.66,94.49,95.92,92.36,24438890,,,,,,,,,,,,
3/10/23,91.01,92.5,93.18,90.8,32850092,,,,,,,,,,,,
3/13/23,91.66,90.57,93.08,89.94,31508570,,,,,,,,,,,,
3/14/23,94.25,93.07,94.83,92.78,32303881,,,,,,,,,,,,
3/15/23,96.55,93.54,97.25,93.04,38367334,,,,,,,,,,,,
3/16/23,101.07,96.57,101.97,95.87,54588200,,,,,,,,,,,,
3/17/23,102.46,100.84,103.49,100.75,76140310,,,,,,,,,,,,
3/20/23,101.93,101.06,102.58,100.79,26033916,,,,,,,,,,,,
3/21/23,105.84,101.98,105.96,101.86,33122800,,,,,,,,,,,,
3/22/23,104.22,105.14,107.51,104.21,32336877,,,,,,,,,,,,
3/23/23,106.26,105.89,107.1,105.41,31385817,,,,,,,,,,,,
3/24/23,106.06,105.74,106.16,104.74,25245010,,,,,,,,,,,,
3/27/23,103.06,105.32,105.4,102.63,25393417,,,,,,,,,,,,
3/28/23,101.36,103,103,100.28,24913480,,,,,,,,,,,,
3/29/23,101.9,102.72,102.82,101.03,26148300,,,,,,,,,,,,
3/30/23,101.32,101.44,101.61,100.29,25009829,,,,,,,,,,,,
3/31/23,104,101.71,104.19,101.44,28107953,,,,,,,,,,,,
4/3/23,104.91,102.67,104.95,102.38,20719861,,,,,,,,,,,,
4/4/23,105.12,104.84,106.1,104.6,20377231,,,,,,,,,,,,
4/5/23,104.95,106.12,106.54,104.1,21864200,,,,,,,,,,,,
4/6/23,108.9,105.77,109.63,104.82,34684150,,,,,,,,,,,,
4/10/23,106.95,107.39,107.97,105.6,19741517,,,,,,,,,,,,
4/11/23,106.12,106.92,107.22,105.28,18721278,,,,,,,,,,,,
4/12/23,105.22,107.39,107.59,104.97,22761569,,,,,,,,,,,,
4/13/23,108.19,106.47,108.27,106.44,21650747,,,,,,,,,,,,
4/14/23,109.46,107.69,109.58,107.59,20758686,,,,,,,,,,,,
4/17/23,106.42,105.43,106.71,105.32,29043443,,,,,,,,,,,,
4/18/23,105.12,107,107.05,104.78,17641369,,,,,,,,,,,,
4/19/23,105.02,104.22,105.73,103.8,16732016,,,,,,,,,,,,
4/20/23,105.9,104.65,106.89,104.64,22515331,,,,,,,,,,,,
4/21/23,105.91,106.09,106.64,105.49,22379018,,,,,,,,,,,,
4/24/23,106.78,106.05,107.32,105.36,21410908,,,,,,,,,,,,
4/25/23,104.61,106.61,107.44,104.56,31408119,,,,,,,,,,,,
4/26/23,104.45,105.56,107.02,103.27,37068168,,,,,,,,,,,,
4/27/23,108.37,105.23,109.15,104.42,38235220,,,,,,,,,,,,
4/28/23,108.22,107.8,108.29,106.04,23957872,,,,,,,,,,,,
5/1/23,107.71,107.72,108.68,107.5,20926259,,,,,,,,,,,,
5/2/23,105.98,107.66,107.73,104.5,20343116,,,,,,,,,,,,
5/3/23,106.12,106.22,108.13,105.62,17116333,,,,,,,,,,,,
5/4/23,105.21,106.16,106.3,104.7,19780637,,,,,,,,,,,,
5/5/23,106.22,105.32,106.44,104.74,20710627,,,,,,,,,,,,
5/8/23,108.24,105.8,108.42,105.79,17266021,,,,,,,,,,,,
5/9/23,107.94,108.78,110.6,107.73,24782442,,,,,,,,,,,,
5/10/23,112.28,108.55,113.51,108.48,47533463,,,,,,,,,,,,
5/11/23,116.9,115.86,118.44,114.93,57115075,,,,,,,,,,,,
5/12/23,117.92,117,118.26,116.55,31293778,,,,,,,,,,,,
5/15/23,116.96,116.49,118.8,116.48,22107865,,,,,,,,,,,,
5/16/23,120.09,116.83,121.2,116.83,32370113,,,,,,,,,,,,
5/17/23,121.48,120.18,122.28,119.46,26659564,,,,,,,,,,,,
5/18/23,123.52,121.56,123.9,121.49,27014468,,,,,,,,,,,,
5/19/23,123.25,124.2,126.48,122.72,30268864,,,,,,,,,,,,
5/22/23,125.87,123.51,127.05,123.45,29760236,,,,,,,,,,,,
5/23/23,123.29,124.93,125.42,123.05,24477945,,,,,,,,,,,,
5/24/23,121.64,121.88,122.75,120.75,23087925,,,,,,,,,,,,
5/25/23,124.35,125.21,125.98,122.9,33812730,,,,,,,,,,,,
5/26/23,125.43,124.07,126,123.29,25169036,,,,,,,,,,,,
5/30/23,124.64,126.29,126.38,122.89,27230726,,,,,,,,,,,,
5/31/23,123.37,123.7,124.9,123.1,41548759,,,,,,,,,,,,
6/1/23,124.37,123.5,125.04,123.3,25017674,,,,,,,,,,,,
6/2/23,125.23,124.49,126.75,124.35,19367453,,,,,,,,,,,,
6/5/23,126.63,124.61,127.99,124.38,22672516,,,,,,,,,,,,
6/6/23,127.91,126.6,128.88,125.97,19450128,,,,,,,,,,,,
6/7/23,122.94,127.58,129.55,122.63,34179348,,,,,,,,,,,,
6/8/23,122.67,122.59,123.73,122.01,24814996,,,,,,,,,,,,
6/9/23,122.87,122.56,124.29,122.42,20313676,,,,,,,,,,,,
6/12/23,124.35,123.4,124.75,122.35,22289632,,,,,,,,,,,,
6/13/23,124.43,125.65,125.86,123.85,19287650,,,,,,,,,,,,
6/14/23,124.38,123.8,124.79,122.16,24659620,,,,,,,,,,,,
6/15/23,125.79,123.88,126.16,123.14,24517071,,,,,,,,,,,,
6/16/23,124.06,126.7,126.7,123.79,56699200,,,,,,,,,,,,
6/20/23,123.85,123.54,125.18,122.83,22698028,,,,,,,,,,,,
6/21/23,121.26,123.24,123.41,120.86,22612002,,,,,,,,,,,,
6/22/23,123.87,120.66,123.94,119.6,20781888,,,,,,,,,,,,
6/23/23,123.02,122.04,123.44,121.86,29573123,,,,,,,,,,,,
6/26/23,119.09,121.47,122.72,118.99,23184961,,,,,,,,,,,,
6/27/23,119.01,117.84,119.9,116.91,27221714,,,,,,,,,,,,
6/28/23,121.08,117.96,121.27,117.6,19753145,,,,,,,,,,,,
6/29/23,120.01,120.09,120.91,119.21,18517458,,,,,,,,,,,,
6/30/23,120.97,121.1,122.03,120.88,23871764,,,,,,,,,,,,
7/3/23,120.56,120.32,121.02,119.71,13888262,,,,,,,,,,,,
7/5/23,122.63,120.06,123.37,120.06,17830347,,,,,,,,,,,,
7/6/23,120.93,120.64,121.15,119.25,17750181,,,,,,,,,,,,
7/7/23,120.14,120.89,121.75,120.09,20997665,,,,,,,,,,,,
7/10/23,116.87,119.07,119.07,116.64,32960078,,,,,,,,,,,,
7/11/23,117.71,116.76,118.23,115.83,18286571,,,,,,,,,,,,
7/12/23,119.62,119.3,120.96,119,22059611,,,,,,,,,,,,
7/13/23,124.83,121.54,125.34,121.06,31535853,,,,,,,,,,,,
7/14/23,125.7,125.13,127.09,124.9,20499780,,,,,,,,,,,,
7/17/23,125.06,126.06,127.28,124.5,20675297,,,,,,,,,,,,
7/18/23,124.08,124.91,124.99,123.3,21071248,,,,,,,,,,,,
7/19/23,122.78,124.79,125.47,122.47,22313803,,,,,,,,,,,,
7/20/23,119.53,122.12,124.7,118.69,27541711,,,,,,,,,,,,
7/21/23,120.31,120.87,121.3,119.07,56514645,,,,,,,,,,,,
7/24/23,121.88,121.93,123.35,121.38,22312220,,,,,,,,,,,,
7/25/23,122.79,121.88,123.69,121.53,31820846,,,,,,,,,,,,
7/26/23,129.66,130.36,131.37,128.71,46216895,,,,,,,,,,,,
7/27/23,129.87,131.8,133.6,129.18,35931612,,,,,,,,,,,,
7/28/23,133.01,130.97,134.07,130.92,26971011,,,,,,,,,,,,
7/31/23,133.11,133.01,133.83,132.13,18381891,,,,,,,,,,,,
8/1/23,131.89,130.86,132.92,130.75,22219012,,,,,,,,,,,,
8/2/23,128.64,129.84,130.42,127.85,22705778,,,,,,,,,,,,
8/3/23,128.77,128.37,129.77,127.78,15086132,,,,,,,,,,,,
8/4/23,128.54,129.6,131.93,128.32,20521852,,,,,,,,,,,,
8/7/23,131.94,129.51,132.06,129.43,17621041,,,,,,,,,,,,
8/8/23,131.84,130.98,131.94,130.13,16835952,,,,,,,,,,,,
8/9/23,130.15,132.19,132.47,129.51,17745218,,,,,,,,,,,,
8/10/23,130.21,131.97,132.65,130.04,17855681,,,,,,,,,,,,
8/11/23,130.17,129.2,130.44,128.75,15205465,,,,,,,,,,,,
8/14/23,131.83,129.85,131.91,129.59,17526195,,,,,,,,,,,,
8/15/23,130.27,131.59,131.99,129.82,14769173,,,,,,,,,,,,
8/16/23,129.11,129.28,130.9,128.46,17548355,,,,,,,,,,,,
8/17/23,130.46,130.45,132.49,129.85,23665562,,,,,,,,,,,,
8/18/23,128.11,129.06,129.83,127,23627202,,,,,,,,,,,,
8/21/23,128.93,127.85,129.26,127.16,21851070,,,,,,,,,,,,
8/22/23,129.69,129.13,130.95,128.93,15569373,,,,,,,,,,,,
8/23/23,133.21,130.85,134.07,130.51,26497027,,,,,,,,,,,,
8/24/23,130.42,134.73,134.97,130.3,18680381,,,,,,,,,,,,
8/25/23,130.69,130.14,131.4,128.04,20678096,,,,,,,,,,,,
8/28/23,131.79,132.08,133.24,130.85,16715467,,,,,,,,,,,,
8/29/23,135.49,133,137.3,132.98,30803265,,,,,,,,,,,,
8/30/23,136.93,135.57,137.25,135.02,21773356,,,,,,,,,,,,
8/31/23,137.35,137.05,138.4,136.82,28147850,,,,,,,,,,,,
9/1/23,136.8,138.43,138.58,135.94,16671647,,,,,,,,,,,,
9/5/23,136.71,136.44,137.37,135.56,17730218,,,,,,,,,,,,
9/6/23,135.37,137.02,137.48,134.69,15814327,,,,,,,,,,,,
9/7/23,136.2,134.6,136.58,133.96,16975956,,,,,,,,,,,,
9/8/23,137.2,135.87,137.52,135.87,17820005,,,,,,,,,,,,
9/11/23,137.74,137.38,138.26,136.55,17180755,,,,,,,,,,,,
9/12/23,136.07,137.13,137.64,135.93,15212934,,,,,,,,,,,,
9/13/23,137.5,135.9,137.7,134.93,16394915,,,,,,,,,,,,
9/14/23,138.99,138.39,139.55,137.06,19064607,,,,,,,,,,,,
9/15/23,138.3,138.8,139.36,137.18,48958837,,,,,,,,,,,,
9/18/23,138.96,137.63,139.93,137.63,16233590,,,,,,,,,,,,
9/19/23,138.83,138.25,139.18,137.5,15484644,,,,,,,,,,,,
9/20/23,134.59,138.83,138.84,134.52,21473533,,,,,,,,,,,,
9/21/23,131.36,132.39,133.19,131.09,22058375,,,,,,,,,,,,
9/22/23,131.25,131.68,133.01,130.51,17355284,,,,,,,,,,,,
9/25/23,132.17,130.77,132.22,130.03,14650032,,,,,,,,,,,,
9/26/23,129.45,130.91,131.41,128.19,20378789,,,,,,,,,,,,
9/27/23,131.46,129.44,131.72,129.38,18764201,,,,,,,,,,,,
9/28/23,133.13,130.69,134.18,130.69,18201389,,,,,,,,,,,,
9/29/23,131.85,134.08,134.89,131.32,23237336,,,,,,,,,,,,
10/2/23,135.17,132.16,135.36,132.07,19210394,,,,,,,,,,,,
10/3/23,133.3,134.93,135.24,132.82,19628736,,,,,,,,,,,,
10/4/23,136.27,133.66,136.57,133.43,22847987,,,,,,,,,,,,
10/5/23,135.99,136.13,136.5,134.46,15922944,,,,,,,,,,,,
10/6/23,138.73,134.94,139.19,134.94,20826683,,,,,,,,,,,,
10/9/23,139.5,137.99,139.97,136.7,16599099,,,,,,,,,,,,
10/10/23,139.2,139.51,140.74,138.43,19554916,,,,,,,,,,,,
10/11/23,141.7,139.85,142.22,139.84,20146341,,,,,,,,,,,,
10/12/23,140.29,142.16,142.38,139.45,18173107,,,,,,,,,,,,
10/13/23,138.58,140.65,141.34,137.97,19447565,,,,,,,,,,,,
10/16/23,140.49,139.73,140.91,139.32,17345556,,,,,,,,,,,,
10/17/23,140.99,140.03,141.25,138.53,17424024,,,,,,,,,,,,
10/18/23,139.28,140.75,141.99,138.71,18304869,,,,,,,,,,,,
10/19/23,138.98,139.8,141.01,138.6,21831181,,,,,,,,,,,,
10/20/23,136.74,138.59,139.04,136.25,24970263,,,,,,,,,,,,
10/23/23,137.9,136.23,139.02,135.11,20780665,,,,,,,,,,,,
10/24/23,140.12,139.16,140.71,138.75,26535198,,,,,,,,,,,,
10/25/23,126.67,129.77,130.1,126.09,58796067,,,,,,,,,,,,
10/26/23,123.44,124.47,125.46,122.32,33907363,,,,,,,,,,,,
10/27/23,123.4,124.03,124.44,121.46,37367673,,,,,,,,,,,,
10/30/23,125.75,124.46,126.55,123.88,24165631,,,,,,,,,,,,
10/31/23,125.3,126.27,126.56,123.93,21123418,,,,,,,,,,,,
11/1/23,127.57,125.34,127.74,124.93,26536604,,,,,,,,,,,,
11/2/23,128.58,129.56,130.09,128.11,24091672,,,,,,,,,,,,
11/3/23,130.37,129.09,130.73,129.01,19529448,,,,,,,,,,,,
11/6/23,131.45,130.22,131.56,129.93,15360362,,,,,,,,,,,,
11/7/23,132.4,131.98,133.28,131.14,19223786,,,,,,,,,,,,
11/8/23,133.26,132.36,133.54,132.16,15093598,,,,,,,,,,,,
11/9/23,131.69,133.36,133.96,131.51,17976533,,,,,,,,,,,,
11/10/23,134.06,131.53,134.27,130.87,20879838,,,,,,,,,,,,
11/13/23,133.64,133.36,134.11,132.77,16409856,,,,,,,,,,,,
11/14/23,135.43,135.65,137.24,135.1,22317345,,,,,,,,,,,,
11/15/23,136.38,136.64,136.84,135.33,15840883,,,,,,,,,,,,
11/16/23,138.7,136.96,138.88,136.08,17615068,,,,,,,,,,,,
11/17/23,136.94,137.82,138,135.48,25590191,,,,,,,,,,,,
11/20/23,137.92,135.5,138.43,135.49,19589006,,,,,,,,,,,,
11/21/23,138.62,137.94,138.97,137.71,17648067,,,,,,,,,,,,
11/22/23,140.02,139.1,141.1,139,17310209,,,,,,,,,,,,
11/24/23,138.22,139.54,139.68,137.47,8828640,,,,,,,,,,,,
11/27/23,138.05,137.57,139.63,137.54,17886389,,,,,,,,,,,,
11/28/23,138.62,137.63,138.66,137.04,17046868,,,,,,,,,,,,
11/29/23,136.4,138.99,139.67,136.3,21014715,,,,,,,,,,,,
11/30/23,133.92,136.4,136.96,132.79,29913531,,,,,,,,,,,,
12/1/23,133.32,133.32,133.5,132.15,24267987,,,,,,,,,,,,
12/4/23,130.63,131.29,131.45,129.4,24117083,,,,,,,,,,,,
12/5/23,132.39,130.37,133.54,129.73,19235145,,,,,,,,,,,,
12/6/23,131.43,132.9,133.31,131.31,16360648,,,,,,,,,,,,
12/7/23,138.45,136.6,140,136.23,38419426,,,,,,,,,,,,
12/8/23,136.64,135.66,137.99,135.57,23016139,,,,,,,,,,,,
12/11/23,134.7,133.82,134.79,132.89,24502860,,,,,,,,,,,,
12/12/23,133.64,133.27,134.54,132.83,26583981,,,,,,,,,,,,
12/13/23,133.97,134.55,134.78,132.95,25414461,,,,,,,,,,,,
12/14/23,133.2,134.77,135.04,131.06,29619098,,,,,,,,,,,,
12/15/23,133.84,132.92,134.83,132.63,58594004,,,,,,,,,,,,
12/18/23,137.19,133.86,138.38,133.77,25699767,,,,,,,,,,,,
12/19/23,138.1,138,138.77,137.45,20661000,,,,,,,,,,,,
12/20/23,139.66,140.33,143.08,139.41,33507342,,,,,,,,,,,,
12/21/23,141.8,140.77,142.03,140.47,18101476,,,,,,,,,,,,
12/22/23,142.72,142.13,143.25,142.06,18513524,,,,,,,,,,,,
12/26/23,142.82,142.98,143.95,142.5,11170066,,,,,,,,,,,,
12/27/23,141.44,142.83,143.32,141.05,17288358,,,,,,,,,,,,
12/28/23,141.28,141.85,142.27,140.83,12192549,,,,,,,,,,,,
12/29/23,140.93,140.68,141.44,139.9,14880961,,,,,,,,,,,,
1/2/24,139.56,139.6,140.61,137.74,20071885,,,,,,,,,,,,
1/3/24,140.36,138.6,141.09,138.43,18974308,,,,,,,,,,,,
1/4/24,138.04,139.85,140.64,138.01,18253331,,,,,,,,,,,,
1/5/24,137.39,138.35,138.81,136.85,15439475,,,,,,,,,,,,
1/8/24,140.53,138,140.64,137.88,17645293,,,,,,,,,,,,
1/9/24,142.56,140.06,142.8,139.79,19579667,,,,,,,,,,,,
1/10/24,143.8,142.52,144.53,142.46,16641881,,,,,,,,,,,,
1/11/24,143.67,144.9,146.66,142.22,17471130,,,,,,,,,,,,
1/12/24,144.24,144.34,144.74,143.36,13998729,,,,,,,,,,,,
1/16/24,144.08,143.43,145.84,143.06,19198939,,,,,,,,,,,,
1/17/24,142.89,142.91,143.41,140.51,17884548,,,,,,,,,,,,
1/18/24,144.99,143.44,145.59,143.35,18876800,,,,,,,,,,,,
1/19/24,147.97,146.31,148.04,145.8,27181032,,,,,,,,,,,,
1/22/24,147.71,148.71,150.02,147.58,21829232,,,,,,,,,,,,
1/23/24,148.68,147.72,148.86,147.19,14113649,,,,,,,,,,,,
1/24/24,150.35,150.29,151.57,149.84,19245031,,,,,,,,,,,,
1/25/24,153.64,151.74,154.76,151.22,21495120,,,,,,,,,,,,
1/26/24,153.79,152.87,154.11,152.8,19494488,,,,,,,,,,,,
1/29/24,154.84,153.64,155.2,152.92,20909258,,,,,,,,,,,,
1/30/24,153.05,154.01,155.04,152.78,26578934,,,,,,,,,,,,
1/31/24,141.8,145.39,145.59,141.55,43908584,,,,,,,,,,,,
2/1/24,142.71,143.69,144.62,142.26,25526855,,,,,,,,,,,,
2/2/24,143.54,140.89,143.88,138.17,42136127,,,,,,,,,,,,
2/5/24,144.93,144.04,146.67,143.91,29254444,,,,,,,,,,,,
2/6/24,145.41,145.96,146.74,144.52,21517655,,,,,,,,,,,,
2/7/24,146.68,146.12,147,145.21,21436126,,,,,,,,,,,,
2/8/24,147.22,146.97,147.61,146.42,18241319,,,,,,,,,,,,
2/9/24,150.22,147.95,150.7,147.43,21877693,,,,,,,,,,,,
2/12/24,148.73,149.54,150.59,148.56,17236108,,,,,,,,,,,,
2/13/24,146.37,146.07,148.04,145.11,18138482,,,,,,,,,,,,
2/14/24,147.14,147.37,147.83,145.56,16651824,,,,,,,,,,,,
2/15/24,143.94,144.46,144.76,141.88,26724305,,,,,,,,,,,,
2/16/24,141.76,144.21,144.48,141.52,21865118,,,,,,,,,,,,
2/20/24,142.2,140.94,143.33,140.8,18625589,,,,,,,,,,,,
2/21/24,143.84,142.64,143.98,141.91,16499584,,,,,,,,,,,,
2/22/24,145.32,146.12,146.2,144.01,23024707,,,,,,,,,,,,
2/23/24,145.29,144.97,145.96,144.79,14519434,,,,,,,,,,,,
2/26/24,138.75,143.45,143.84,138.74,33513011,,,,,,,,,,,,
2/27/24,140.1,139.41,140.49,138.5,22363981,,,,,,,,,,,,
2/28/24,137.43,139.1,139.28,136.64,30628702,,,,,,,,,,,,
2/29/24,139.78,138.35,139.95,137.57,35485006,,,,,,,,,,,,
3/1/24,138.08,139.61,140,137.98,28551525,,,,,,,,,,,,
3/4/24,134.2,136.54,136.63,132.86,43571510,,,,,,,,,,,,
3/5/24,133.78,132.74,134.02,131.55,28447550,,,,,,,,,,,,
3/6/24,132.56,134.24,134.74,131.95,23175200,,,,,,,,,,,,
3/7/24,135.24,133.89,135.82,132.66,24107282,,,,,,,,,,,,
3/8/24,136.29,135.04,138.99,134.8,26495160,,,,,,,,,,,,
3/11/24,138.94,137.07,139.98,137.07,22536365,,,,,,,,,,,,
3/12/24,139.62,138.25,140.28,138.21,19019696,,,,,,,,,,,,
3/13/24,140.77,140.06,142.19,140.01,19636999,,,,,,,,,,,,
3/14/24,144.34,142.3,144.73,141.49,36117913,,,,,,,,,,,,
3/15/24,142.17,143.41,144.34,141.13,41039494,,,,,,,,,,,,
3/18/24,148.48,149.37,152.93,148.14,47676689,,,,,,,,,,,,
3/19/24,147.92,148.98,149.62,147.01,17748367,,,,,,,,,,,,
3/20/24,149.68,148.79,149.76,147.67,17729996,,,,,,,,,,,,
3/21/24,148.74,150.32,151.31,148.01,19843915,,,,,,,,,,,,
3/22/24,151.77,150.24,152.56,150.09,19252925,,,,,,,,,,,,
3/25/24,151.15,150.95,151.46,148.8,15114728,,,,,,,,,,,,
3/26/24,151.7,151.24,153.2,151.03,19312694,,,,,,,,,,,,
3/27/24,151.94,152.15,152.69,150.13,16621964,,,,,,,,,,,,
3/28/24,152.26,152,152.67,151.33,21105628,,,,,,,,,,,,
4/1/24,156.5,151.83,157,151.65,24469815,,,,,,,,,,,,
4/2/24,155.87,154.75,155.99,153.46,17598064,,,,,,,,,,,,
4/3/24,156.37,154.92,156.55,154.13,17266175,,,,,,,,,,,,
4/4/24,151.94,155.08,156.18,151.88,24184842,,,,,,,,,,,,
4/5/24,153.94,151.68,154.84,151.08,16297319,,,,,,,,,,,,
4/8/24,156.14,154.02,156.66,153.99,16641530,,,,,,,,,,,,
4/9/24,158.14,157.35,159.89,156.64,21538140,,,,,,,,,,,,
4/10/24,157.66,157.88,158.16,156.2,16339174,,,,,,,,,,,,
4/11/24,160.79,158.34,161.12,157.93,17841703,,,,,,,,,,,,
4/12/24,159.19,159.41,161.7,158.6,16989765,,,,,,,,,,,,
4/15/24,156.33,160.28,160.83,156.15,21140948,,,,,,,,,,,,
4/16/24,156,155.64,157.23,155.05,15413201,,,,,,,,,,,,
4/17/24,156.88,157.19,158.68,156.14,16237752,,,,,,,,,,,,
4/18/24,157.46,156.93,158.49,156.21,14016065,,,,,,,,,,,,
4/19/24,155.72,157.75,157.99,153.91,21479881,,,,,,,,,,,,
4/22/24,157.95,156.01,159.19,155.66,17243870,,,,,,,,,,,,
4/23/24,159.92,158.59,160.48,157.97,16115408,,,,,,,,,,,,
4/24/24,161.1,159.09,161.39,158.82,19485694,,,,,,,,,,,,
4/25/24,157.95,153.36,158.28,152.77,36197789,,,,,,,,,,,,
4/26/24,173.69,175.99,176.42,171.4,56500787,,,,,,,,,,,,
4/29/24,167.9,170.77,171.38,167.06,35914561,,,,,,,,,,,,
4/30/24,164.64,167.38,169.87,164.5,29420755,,,,,,,,,,,,
5/1/24,165.57,166.18,168.81,164.9,25223245,,,,,,,,,,,,
5/2/24,168.46,166.67,168.53,165.69,17041119,,,,,,,,,,,,
5/3/24,168.99,169.54,169.85,164.98,22767056,,,,,,,,,,,,
5/6/24,169.83,169.22,169.9,167.89,15147906,,,,,,,,,,,,
5/7/24,172.98,170.12,173.47,170,21102434,,,,,,,,,,,,
5/8/24,171.16,170.75,171.91,170.52,14569858,,,,,,,,,,,,
5/9/24,171.58,171.15,172.44,169.93,11937704,,,,,,,,,,,,
5/10/24,170.29,169.69,171.34,167.91,18740458,,,,,,,,,,,,
5/13/24,170.9,165.85,170.95,165.76,19648585,,,,,,,,,,,,
5/14/24,171.93,171.59,172.78,170.42,18729463,,,,,,,,,,,,
5/15/24,173.88,172.3,174.05,172.03,20958245,,,,,,,,,,,,
5/16/24,175.43,174.6,176.34,174.05,17247311,,,,,,,,,,,,
5/17/24,177.29,175.55,177.5,174.98,16546353,,,,,,,,,,,,
5/20/24,178.46,177.31,179.95,177.23,17495122,,,,,,,,,,,,
5/21/24,179.54,178.4,179.82,177.31,14706021,,,,,,,,,,,,
5/22/24,178,178.4,178.85,176.78,16189404,,,,,,,,,,,,
5/23/24,175.06,178.78,179.91,174.54,14928363,,,,,,,,,,,,
5/24/24,176.33,176.52,177.3,175.2,11403560,,,,,,,,,,,,
5/28/24,178.02,175.74,178.51,175.68,15655340,,,,,,,,,,,,
5/29/24,177.4,176.81,178.23,176.26,15023847,,,,,,,,,,,,
5/30/24,173.56,176.69,176.69,173.23,18844036,,,,,,,,,,,,
5/31/24,173.96,173.4,174.42,170.97,28085151,,,,,,,,,,,,
6/3/24,174.42,173.88,175.86,172.45,20742798,,,,,,,,,,,,
6/4/24,175.13,174.45,175.19,173.22,14066602,,,,,,,,,,,,
6/5/24,177.07,176.54,177.97,175.29,15233861,,,,,,,,,,,,
6/6/24,178.35,177.43,178.71,177.21,14255818,,,,,,,,,,,,
6/7/24,175.95,178.46,179.42,175.79,14716270,,,,,,,,,,,,
6/10/24,176.63,176.45,178.47,174.38,17122247,,,,,,,,,,,,
6/11/24,178.19,177.72,178.39,175.44,14402401,,,,,,,,,,,,
6/12/24,179.56,179.75,182.08,177.78,18600421,,,,,,,,,,,,
6/13/24,176.74,177.84,178.51,176.66,15956941,,,,,,,,,,,,
6/14/24,178.37,175.85,178.73,175.85,12361571,,,,,,,,,,,,
6/17/24,178.78,176.98,179.92,176.49,15272864,,,,,,,,,,,,
6/18/24,176.45,178.79,178.91,175.62,15640257,,,,,,,,,,,,
6/20/24,177.71,176.71,178.74,176.46,16753166,,,,,,,,,,,,
6/21/24,180.26,178.49,182.51,178.06,59728019,,,,,,,,,,,,
6/24/24,180.79,181.28,182.08,180.23,18198282,,,,,,,,,,,,
6/25/24,185.58,181.15,185.75,181.11,18917734,,,,,,,,,,,,
6/26/24,185.37,184.2,185.93,183.99,13375715,,,,,,,,,,,,
6/27/24,186.86,185.65,187.5,185.45,13025656,,,,,,,,,,,,
6/28/24,183.42,185.72,186.58,183.33,23032362,,,,,,,,,,,,
7/1/24,184.49,184.48,185.34,182.73,11815862,,,,,,,,,,,,
7/2/24,186.61,183.47,186.95,183.06,12555545,,,,,,,,,,,,
7/3/24,187.39,186.3,187.62,185.39,7409106,,,,,,,,,,,,
7/5/24,191.96,187.32,192.26,187.32,14303361,,,,,,,,,,,,
7/8/24,190.48,191.37,191.68,189.32,12097611,,,,,,,,,,,,
7/9/24,190.44,191.75,192.86,190.23,10224925,,,,,,,,,,,,
7/10/24,192.66,190.75,193.31,190.62,12052906,,,,,,,,,,,,
7/11/24,187.3,191.34,192.41,186.82,16451981,,,,,,,,,,,,
7/12/24,186.78,186.92,188.69,186.14,14449113,,,,,,,,,,,,
7/15/24,188.19,186.49,189.9,186.49,12186015,,,,,,,,,,,,
7/16/24,185.5,188.96,190.34,185.12,12760102,,,,,,,,,,,,
7/17/24,182.62,184.68,185.23,181.62,17376563,,,,,,,,,,,,
7/18/24,179.22,183.54,184.05,178.21,17877197,,,,,,,,,,,,
7/19/24,179.39,180.37,181.97,178.86,14485899,,,,,,,,,,,,
7/22/24,183.35,182.35,184.3,181.9,16303896,,,,,,,,,,,,
7/23/24,183.6,183.84,185.22,183.33,23772602,,,,,,,,,,,,
7/24/24,174.37,175.39,177.95,173.57,31250683,,,,,,,,,,,,
7/25/24,169.16,174.25,175.2,169.05,28967880,,,,,,,,,,,,
7/26/24,168.68,168.77,169.84,165.87,25150116,,,,,,,,,,,,
7/29/24,171.13,170.5,172.16,169.72,13768931,,,,,,,,,,,,
7/30/24,171.86,171.83,172.95,170.12,13681418,,,,,,,,,,,,
7/31/24,173.15,174.92,175.91,171.72,15650154,,,,,,,,,,,,
8/1/24,172.45,171.98,175.68,170.51,17177833,,,,,,,,,,,,
8/2/24,168.4,168.19,170.21,166.39,18907773,,,,,,,,,,,,
8/5/24,160.64,157.37,165.94,156.6,34907815,,,,,,,,,,,,
8/6/24,160.54,160.95,162.35,158.13,36146541,,,,,,,,,,,,
8/7/24,160.75,163.24,164.79,160.24,19334246,,,,,,,,,,,,
8/8/24,163.84,162.34,165.5,162.03,15733612,,,,,,,,,,,,
8/9/24,165.39,161.65,165.52,160.93,13549230,,,,,,,,,,,,
8/12/24,163.95,166,166.7,163.55,12434969,,,,,,,,,,,,
8/13/24,165.93,165.19,166.54,164.77,12717628,,,,,,,,,,,,
8/14/24,162.03,164.21,164.96,159.53,22515895,,,,,,,,,,,,
8/15/24,163.17,162.21,163.52,161.49,18392452,,,,,,,,,,,,
8/16/24,164.74,163.41,166.95,163.08,16853137,,,,,,,,,,,,
8/19/24,168.4,167,168.47,166.09,13100762,,,,,,,,,,,,
8/20/24,168.96,168.74,170.41,168.66,12622523,,,,,,,,,,,,
8/21/24,167.63,166.99,168.64,166.57,15269550,,,,,,,,,,,,
8/22/24,165.49,169.04,169.42,165.03,19123778,,,,,,,,,,,,
8/23/24,167.43,166.55,167.95,165.66,14281621,,,,,,,,,,,,
8/26/24,167.93,168.16,169.38,166.32,11990305,,,,,,,,,,,,
8/27/24,166.38,167.61,168.25,166.16,13718162,,,,,,,,,,,,
8/28/24,164.5,166.78,167.39,163.28,15208736,,,,,,,,,,,,
8/29/24,163.4,166.06,167.63,161.98,17133830,,,,,,,,,,,,
8/30/24,165.11,164.22,165.28,163.41,18498777,,,,,,,,,,,,
9/3/24,158.61,163.32,163.38,157.86,26533110,,,,,,,,,,,,
9/4/24,157.81,158.08,160.4,157.44,17410652,,,,,,,,,,,,
9/5/24,158.6,157.78,161.02,157.52,14139501,,,,,,,,,,,,
9/6/24,152.13,158.69,159.22,151.94,24999062,,,,,,,,,,,,
9/9/24,149.54,153.63,154.64,148.2,28057746,,,,,,,,,,,,
9/10/24,150.01,151.45,152.3,149.54,20401774,,,,,,,,,,,,
9/11/24,152.15,151.09,152.48,148.7,18991486,,,,,,,,,,,,
9/12/24,155.54,154.81,155.61,153.5,21024062,,,,,,,,,,,,
9/13/24,158.37,156.36,159.28,156.11,16733908,,,,,,,,,,,,
9/16/24,158.99,158.33,159.24,157.61,14157614,,,,,,,,,,,,
9/17/24,160.28,160.09,161.59,159.41,12064790,,,,,,,,,,,,
9/18/24,160.81,160.85,161.63,159.66,16756450,,,,,,,,,,,,
9/19/24,163.24,164.82,164.99,162.52,17548190,,,,,,,,,,,,
9/20/24,164.64,164.52,164.75,163.18,46362673,,,,,,,,,,,,
9/23/24,163.07,165.34,166.61,162.95,15648446,,,,,,,,,,,,
9/24/24,163.64,164.25,164.55,162.03,18774056,,,,,,,,,,,,
9/25/24,162.99,162.97,164.22,162.78,13607892,,,,,,,,,,,,
9/26/24,163.83,165.03,165.5,163.5,18234497,,,,,,,,,,,,
9/27/24,165.29,163.91,166.97,163.83,13604261,,,,,,,,,,,,
9/30/24,167.19,164.78,167.36,164.64,14083451,,,,,,,,,,,,
10/1/24,168.42,168.86,170.44,165.9,18629506,,,,,,,,,,,,
10/2/24,167.31,167.76,168.88,166.25,12744975,,,,,,,,,,,,
10/3/24,167.21,165.82,167.91,165.37,11004333,,,,,,,,,,,,
10/4/24,168.56,169.34,169.55,166.96,11435318,,,,,,,,,,,,
10/7/24,164.39,169.14,169.9,164.13,14034722,,,,,,,,,,,,
10/8/24,165.7,165.43,166.1,164.31,11723885,,,,,,,,,,,,
10/9/24,163.06,164.86,166.26,161.12,19666411,,,,,,,,,,,,
10/10/24,163.18,162.11,164.31,161.64,12900492,,,,,,,,,,,,
10/11/24,164.52,163.33,165.27,162.5,10945971,,,,,,,,,,,,
10/14/24,166.35,164.91,167.62,164.78,9981765,,,,,,,,,,,,
10/15/24,166.9,167.14,169.09,166.05,14829338,,,,,,,,,,,,
10/16/24,166.74,166.03,167.28,165.22,9968474,,,,,,,,,,,,
10/17/24,164.51,167.38,167.93,164.37,15113356,,,,,,,,,,,,
10/18/24,165.05,164.87,166.37,164.75,13091267,,,,,,,,,,,,
10/21/24,165.8,164.58,166.22,164.31,11384047,,,,,,,,,,,,
10/22/24,166.82,164.7,167.47,164.67,11958617,,,,,,,,,,,,
10/23/24,164.48,166.43,167.6,163.63,12754283,,,,,,,,,,,,
10/24/24,164.53,164.59,165.05,162.77,12764430,,,,,,,,,,,,
10/25/24,166.99,165.37,167.4,165.23,14566410,,,,,,,,,,,,
10/28/24,168.34,170.59,170.61,165.79,20858254,,,,,,,,,,,,
10/29/24,171.14,169.39,171.86,168.66,28916106,,,,,,,,,,,,
10/30/24,176.14,182.41,183.79,175.75,49698313,,,,,,,,,,,,
10/31/24,172.69,174.72,178.42,172.56,32801898,,,,,,,,,,,,
11/1/24,172.65,171.54,173.82,170.31,21752859,,,,,,,,,,,,
11/4/24,170.68,171.24,171.92,169.49,16193994,,,,,,,,,,,,
11/5/24,171.41,170.83,172.1,170.37,12518282,,,,,,,,,,,,
11/6/24,178.33,175.35,178.64,175.04,27061510,,,,,,,,,,,,
11/7/24,182.28,179.11,182.58,178.89,16730407,,,,,,,,,,,,
11/8/24,179.86,182,182.35,179.57,15021549,,,,,,,,,,,,
11/11/24,181.97,180.07,182.09,179.99,12503422,,,,,,,,,,,,
11/12/24,183.32,181.38,184.03,180.99,14065845,,,,,,,,,,,,
11/13/24,180.49,182.15,182.62,180.12,13969709,,,,,,,,,,,,
11/14/24,177.35,179.75,180.45,176.03,17925763,,,,,,,,,,,,
11/15/24,173.89,175.64,175.88,172.75,21708870,,,,,,,,,,,,
11/18/24,176.8,174.96,176.91,174.42,18725422,,,,,,,,,,,,
11/19/24,179.58,175.24,180.17,175.12,15392866,,,,,,,,,,,,
11/20/24,177.33,178.83,179.11,175.33,15729806,,,,,,,,,,,,
11/21/24,169.24,175.46,175.58,165.31,38839431,,,,,,,,,,,,
11/22/24,166.57,167.16,168.26,165.71,24497042,,,,,,,,,,,,
11/25/24,169.43,167.99,170.46,167.4,21395652,,,,,,,,,,,,
11/26/24,170.62,169.49,171.5,169.43,14937478,,,,,,,,,,,,
11/27/24,170.82,170.68,171.14,169.67,12433371,,,,,,,,,,,,
11/29/24,170.49,170.06,170.87,168.75,9250712,,,,,,,,,,,,
12/2/24,172.98,170.32,173.6,170.27,16593444,,,,,,,,,,,,
12/3/24,173.02,173.12,174.32,172.51,15721483,,,,,,,,,,,,
12/4/24,176.09,172.78,176.43,172.75,18239842,,,,,,,,,,,,
12/5/24,174.31,177.32,177.71,174.01,16145520,,,,,,,,,,,,
12/6/24,176.49,173.88,176.84,173.55,13319549,,,,,,,,,,,,
12/9/24,177.1,175.72,178.04,175.4,19887786,,,,,,,,,,,,
12/10/24,186.53,184.54,188.03,182.67,34317438,,,,,,,,,,,,
12/11/24,196.71,186.7,196.89,186.26,41664489,,,,,,,,,,,,
12/12/24,193.63,196.3,196.71,193.28,25197757,,,,,,,,,,,,
12/13/24,191.38,192.71,194.34,191.26,18883217,,,,,,,,,,,,
12/16/24,198.16,194.37,200.64,194.11,32248640,,,,,,,,,,,,
12/17/24,197.12,198.53,202.88,196.69,24129481,,,,,,,,,,,,
12/18/24,190.15,196.83,198.69,189.28,27638416,,,,,,,,,,,,
12/19/24,189.7,193.28,194.6,189.52,26981196,,,,,,,,,,,,
12/20/24,192.96,187.01,194.14,186.37,45319703,,,,,,,,,,,,
12/23/24,195.99,194.03,196.49,191.63,15235942,,,,,,,,,,,,
12/24/24,197.57,196.17,197.67,195.2,6809823,,,,,,,,,,,,
12/26/24,197.1,196.74,198.16,195.87,7918434,,,,,,,,,,,,
12/27/24,194.04,196.47,196.8,191.97,14692994,,,,,,,,,,,,
12/30/24,192.69,190.87,193.78,190.36,12209534,,,,,,,,,,,,
12/31/24,190.44,192.45,193.25,189.58,14355221,,,,,,,,,,,,
1/2/25,190.63,191.49,193.2,188.71,17545162,,,,,,,,,,,,
1/3/25,193.13,192.73,194.5,191.35,12874957,,,,,,,,,,,,
1/6/25,197.96,195.15,199.56,195.06,19483323,,,,,,,,,,,,
1/7/25,196.71,198.27,202.14,195.94,16966760,,,,,,,,,,,,
1/8/25,195.39,193.95,197.64,193.75,14335341,,,,,,,,,,,,
1/10/25,193.17,195.42,197.62,191.6,20753794,,,,,,,,,,,,